step,agent_id,x,y,toxicload
1,5,577.0,310.0,0.0
1,4,539.0,347.0,0.0
1,2,430.0,434.0,0.0
1,3,474.0,290.0,0.0
1,1,231.0,506.0,0.0
2,5,576.0454058453981,310.95459415460186,0.0
2,4,539.9545941546019,347.95459415460186,0.0
2,2,429.04540584539814,433.04540584539814,0.0
2,3,474.95459415460186,290.95459415460186,0.0
2,1,230.04540584539816,505.04540584539814,0.0
3,5,576.0,311.0,0.0
3,4,540.0,348.0,0.0
3,2,429.0,433.0,0.0
3,3,475.0,291.0,0.0
3,1,230.0,505.0,0.0
4,5,575.0454058453981,311.95459415460186,0.0
4,4,540.9545941546019,348.95459415460186,0.0
4,2,428.04540584539814,432.04540584539814,0.0
4,3,475.95459415460186,291.95459415460186,0.0
4,1,229.04540584539816,504.04540584539814,0.0
5,5,575.0,312.0,0.0
5,4,541.0,349.0,0.0
5,2,428.0,432.0,0.0
5,3,476.0,292.0,0.0
5,1,229.0,504.0,0.0
6,5,574.0454058453981,312.95459415460186,0.0
6,4,541.9545941546019,349.95459415460186,0.0
6,2,427.04540584539814,431.04540584539814,0.0
6,3,476.95459415460186,292.95459415460186,0.0
6,1,229.0,503.0,0.0
7,5,574.0,313.0,0.0
7,4,542.0,350.0,0.0
7,2,427.0,431.0,0.0
7,3,477.0,293.0,0.0
7,1,229.0,502.0,0.0
8,5,573.0454058453981,313.95459415460186,0.0
8,4,542.9545941546019,350.95459415460186,0.0
8,2,426.04540584539814,430.04540584539814,0.0
8,3,476.04540584539814,293.95459415460186,0.0
8,1,229.0,501.0,0.0
9,5,573.0,314.0,0.0
9,4,543.0,351.0,0.0
9,2,426.0,430.0,0.0
9,3,476.0,294.0,0.0
9,1,228.04540584539816,500.04540584539814,0.0
10,5,572.0,314.0,0.0
10,4,543.9545941546019,351.95459415460186,0.0
10,2,425.04540584539814,429.04540584539814,0.0
10,3,475.04540584539814,294.95459415460186,0.0
10,1,228.0,500.0,0.0
11,5,571.0454058453981,314.95459415460186,0.0
11,4,544.0,352.0,0.0
11,2,425.0,429.0,0.0
11,3,475.0,295.0,0.0
11,1,228.95459415460184,499.04540584539814,0.0
12,5,571.0,315.0,0.0
12,4,544.9545941546019,352.95459415460186,0.0
12,2,424.04540584539814,428.04540584539814,0.0
12,3,474.0,295.0,0.0
12,1,229.0,499.0,0.0
13,5,570.0454058453981,315.95459415460186,0.0
13,4,545.0,353.0,0.0
13,2,424.0,428.0,0.0
13,3,473.0,295.0,0.0
13,1,229.0,498.0,0.0
14,5,570.0,316.0,0.0
14,4,545.9545941546019,353.95459415460186,0.0
14,2,423.04540584539814,427.04540584539814,0.0
14,3,472.04540584539814,295.95459415460186,0.0
14,1,229.0,497.0,0.0
15,5,569.0454058453981,316.95459415460186,0.0
15,4,546.0,354.0,0.0
15,2,423.0,427.0,0.0
15,3,472.0,296.0,0.0
15,1,229.0,496.0,0.0
16,5,569.0,317.0,0.0
16,4,546.9545941546019,353.04540584539814,0.0
16,2,422.04540584539814,427.95459415460186,0.0
16,3,472.0,297.0,0.0
16,1,228.04540584539816,495.04540584539814,0.0
17,5,568.0454058453981,317.95459415460186,0.0
17,4,547.0,353.0,0.0
17,2,422.0,428.0,0.0
17,3,471.04540584539814,297.95459415460186,0.0
17,1,228.0,495.0,0.0
18,5,568.0,318.0,0.0
18,4,548.0,353.0,0.0
18,2,421.04540584539814,428.95459415460186,0.0
18,3,471.0,298.0,0.0
18,1,227.04540584539816,494.04540584539814,0.0
19,5,567.0454058453981,318.95459415460186,0.0
19,4,548.9545941546019,352.04540584539814,0.0
19,2,421.0,429.0,0.0
19,3,470.0,298.0,0.0
19,1,227.0,494.0,0.0
20,5,567.0,319.0,0.0
20,4,549.0,352.0,0.0
20,2,420.04540584539814,428.04540584539814,0.0
20,3,469.0,298.0,0.0
20,1,226.04540584539816,493.04540584539814,0.0
21,5,566.0,319.0,0.0
21,4,549.9545941546019,351.04540584539814,0.0
21,2,420.0,428.0,0.0
21,3,468.04540584539814,298.95459415460186,0.0
21,1,226.0,493.0,0.0
22,5,565.0454058453981,318.04540584539814,0.0
22,4,550.0,351.0,0.0
22,2,419.04540584539814,428.95459415460186,0.0
22,3,468.0,299.0,0.0
22,1,225.04540584539816,492.04540584539814,0.0
23,5,565.0,318.0,0.0
23,4,550.0,350.0,0.0
23,2,419.0,429.0,0.0
23,3,467.04540584539814,299.95459415460186,0.0
23,1,225.0,492.0,0.0
24,5,564.0454058453981,317.04540584539814,0.0
24,4,550.0,349.0,0.0
24,2,419.0,430.0,0.0
24,3,467.0,300.0,0.0
24,1,225.0,491.0,0.0
25,5,564.0,317.0,0.0
25,4,550.9545941546019,348.04540584539814,0.0
25,2,418.04540584539814,430.95459415460186,0.0
25,3,466.0,300.0,0.0
25,1,224.04540584539816,490.04540584539814,0.0
26,5,563.0454058453981,316.04540584539814,0.0
26,4,551.0,348.0,0.0
26,2,418.0,431.0,0.0
26,3,465.04540584539814,300.95459415460186,0.0
26,1,224.0,490.0,0.0
27,5,563.0,316.0,0.0
27,4,550.0454058453981,347.04540584539814,0.0
27,2,417.04540584539814,430.04540584539814,0.0
27,3,465.0,301.0,0.0
27,1,224.95459415460184,489.04540584539814,0.0
28,5,563.9545941546019,315.04540584539814,0.0
28,4,550.0,347.0,0.0
28,2,417.0,430.0,0.0
28,3,464.0,301.0,0.0
28,1,225.0,489.0,0.0
29,5,564.0,315.0,0.0
29,4,550.9545941546019,346.04540584539814,0.0
29,2,416.0,430.0,0.0
29,3,463.0,301.0,0.0
29,1,224.04540584539816,488.04540584539814,0.0
30,5,564.0,314.0,0.0
30,4,551.0,346.0,0.0
30,2,415.04540584539814,430.95459415460186,0.0
30,3,462.0,301.0,0.0
30,1,224.0,488.0,0.0
31,5,563.0454058453981,313.04540584539814,0.0
31,4,551.9545941546019,345.04540584539814,0.0
31,2,415.0,431.0,0.0
31,3,461.04540584539814,301.95459415460186,0.0
31,1,223.04540584539816,487.04540584539814,0.0
32,5,563.0,313.0,0.0
32,4,552.0,345.0,0.0
32,2,414.04540584539814,431.95459415460186,0.0
32,3,461.0,302.0,0.0
32,1,223.0,487.0,0.0
33,5,562.0454058453981,312.04540584539814,0.0
33,4,552.0,344.0,0.0
33,2,414.0,432.0,0.0
33,3,460.04540584539814,301.04540584539814,0.0
33,1,223.95459415460184,486.04540584539814,0.0
34,5,562.0,312.0,0.0
34,4,551.0454058453981,343.04540584539814,0.0
34,2,413.04540584539814,432.95459415460186,0.0
34,3,460.0,301.0,0.0
34,1,224.0,486.0,0.0
35,5,561.0454058453981,311.04540584539814,0.0
35,4,551.0,343.0,0.0
35,2,413.0,433.0,0.0
35,3,459.04540584539814,301.95459415460186,0.0
35,1,223.04540584539816,485.04540584539814,0.0
36,5,561.0,311.0,0.0
36,4,551.9545941546019,342.04540584539814,0.0
36,2,412.04540584539814,433.95459415460186,0.0
36,3,459.0,302.0,0.0
36,1,223.0,485.0,0.0
37,5,561.0,310.0,0.0
37,4,552.0,342.0,0.0
37,2,412.0,434.0,0.0
37,3,458.04540584539814,302.95459415460186,0.0
37,1,223.0,484.0,0.0
38,5,561.0,309.0,0.0
38,4,552.0,341.0,0.0
38,2,411.0,434.0,0.0
38,3,458.0,303.0,0.0
38,1,222.04540584539816,483.04540584539814,0.0
39,5,561.9545941546019,308.04540584539814,0.0
39,4,552.9545941546019,340.04540584539814,0.0
39,2,410.04540584539814,433.04540584539814,0.0
39,3,457.04540584539814,303.95459415460186,0.0
39,1,222.0,483.0,0.0
40,5,562.0,308.0,0.0
40,4,553.0,340.0,0.0
40,2,410.0,433.0,0.0
40,3,457.0,304.0,0.0
40,1,221.04540584539816,482.04540584539814,0.0
41,5,561.0454058453981,307.04540584539814,0.0
41,4,552.0454058453981,339.04540584539814,0.0
41,2,409.04540584539814,433.95459415460186,0.0
41,3,456.0,304.0,0.0
41,1,221.0,482.0,0.0
42,5,561.0,307.0,0.0
42,4,552.0,339.0,0.0
42,2,409.0,434.0,0.0
42,3,455.04540584539814,304.95459415460186,0.0
42,1,220.04540584539816,481.04540584539814,0.0
43,5,560.0454058453981,306.04540584539814,0.0
43,4,552.9545941546019,338.04540584539814,0.0
43,2,408.04540584539814,434.95459415460186,0.0
43,3,455.0,305.0,0.0
43,1,220.0,481.0,0.0
44,5,560.0,306.0,0.0
44,4,553.0,338.0,0.0
44,2,408.0,435.0,0.0
44,3,454.0,305.0,0.0
44,1,220.0,480.0,0.0
45,5,559.0454058453981,305.04540584539814,0.0
45,4,552.0454058453981,337.04540584539814,0.0
45,2,407.04540584539814,434.04540584539814,0.0
45,3,453.04540584539814,305.95459415460186,0.0
45,1,219.04540584539816,479.04540584539814,0.0
46,5,559.0,305.0,0.0
46,4,552.0,337.0,0.0
46,2,407.0,434.0,0.0
46,3,453.0,306.0,0.0
46,1,219.0,479.0,0.0
47,5,558.0454058453981,304.04540584539814,0.0
47,4,552.9545941546019,336.04540584539814,0.0
47,2,406.0,434.0,0.0
47,3,452.0,306.0,0.0
47,1,218.04540584539816,478.04540584539814,0.0
48,5,558.0,304.0,0.0
48,4,553.0,336.0,0.0
48,2,405.04540584539814,434.95459415460186,0.0
48,3,451.04540584539814,306.95459415460186,0.0
48,1,218.0,478.0,0.0
49,5,557.0454058453981,303.04540584539814,0.0
49,4,553.9545941546019,335.04540584539814,0.0
49,2,405.0,435.0,0.0
49,3,451.0,307.0,0.0
49,1,218.95459415460184,477.04540584539814,0.0
50,5,557.0,303.0,0.0
50,4,554.0,335.0,0.0
50,2,404.0,435.0,0.0
50,3,450.0,307.0,0.0
50,1,219.0,477.0,0.0
51,5,557.0,302.0,0.0
51,4,553.0454058453981,334.04540584539814,0.0
51,2,403.04540584539814,435.95459415460186,0.0
51,3,449.04540584539814,307.95459415460186,0.0
51,1,219.95459415460184,476.04540584539814,0.0
52,5,556.0454058453981,301.04540584539814,0.0
52,4,553.0,334.0,0.0
52,2,403.0,436.0,0.0
52,3,449.0,308.0,0.0
52,1,220.0,476.0,0.0
53,5,556.0,301.0,0.0
53,4,552.0454058453981,333.04540584539814,0.0
53,2,402.04540584539814,436.95459415460186,0.0
53,3,448.0,308.0,0.0
53,1,219.04540584539816,475.04540584539814,0.0
54,5,556.9545941546019,300.04540584539814,0.0
54,4,552.0,333.0,0.0
54,2,402.0,437.0,0.0
54,3,447.0,308.0,0.0
54,1,219.0,475.0,0.0
55,5,557.0,300.0,0.0
55,4,551.0454058453981,332.04540584539814,0.0
55,2,401.04540584539814,437.95459415460186,0.0
55,3,446.0,308.0,0.0
55,1,218.04540584539816,474.04540584539814,0.0
56,5,556.0454058453981,299.04540584539814,0.0
56,4,551.0,332.0,0.0
56,2,401.0,438.0,0.0
56,3,445.04540584539814,308.95459415460186,0.0
56,1,218.0,474.0,0.0
57,5,556.0,299.0,0.0
57,4,550.0454058453981,331.04540584539814,0.0
57,2,400.04540584539814,437.04540584539814,0.0
57,3,445.0,309.0,0.0
57,1,217.04540584539816,473.04540584539814,0.0
58,5,556.9545941546019,298.04540584539814,0.0
58,4,550.0,331.0,0.0
58,2,400.0,437.0,0.0
58,3,444.0,309.0,0.0
58,1,217.0,473.0,0.0
59,5,557.0,298.0,0.0
59,4,550.0,330.0,0.0
59,2,399.04540584539814,437.95459415460186,0.0
59,3,443.04540584539814,309.95459415460186,0.0
59,1,217.0,472.0,0.0
60,5,556.0454058453981,297.04540584539814,0.0
60,4,550.0,329.0,0.0
60,2,399.0,438.0,0.0
60,3,443.0,310.0,0.0
60,1,216.04540584539816,471.04540584539814,0.0
61,5,556.0,297.0,0.0
61,4,549.0454058453981,328.04540584539814,0.0
61,2,398.0,438.0,0.0
61,3,442.04540584539814,309.04540584539814,0.0
61,1,216.0,471.0,0.0
62,5,556.0,297.0,0.0
62,4,549.0,328.0,0.0
62,2,398.0,438.0,0.0
62,3,442.0,309.0,0.0
62,1,216.0,471.0,0.0
63,5,556.0,296.0,0.0
63,4,549.0,327.0,0.0
63,2,397.04540584539814,437.04540584539814,0.0
63,3,441.04540584539814,309.95459415460186,0.0
63,1,216.95459415460184,470.04540584539814,0.0
64,5,555.0454058453981,295.04540584539814,0.0
64,4,548.0454058453981,326.04540584539814,0.0
64,2,397.0,437.0,0.0
64,3,441.0,310.0,0.0
64,1,217.0,470.0,0.0
65,5,555.0,295.0,0.0
65,4,548.0,326.0,0.0
65,2,396.04540584539814,436.04540584539814,0.0
65,3,440.0,310.0,0.0
65,1,216.04540584539816,469.04540584539814,0.0
66,5,555.0,294.0,0.0
66,4,547.0454058453981,325.04540584539814,0.0
66,2,396.0,436.0,0.0
66,3,439.04540584539814,310.95459415460186,0.0
66,1,216.0,469.0,0.0
67,5,554.0454058453981,293.04540584539814,0.0
67,4,547.0,325.0,0.0
67,2,396.95459415460186,435.04540584539814,0.0
67,3,439.0,311.0,0.0
67,1,215.04540584539816,468.04540584539814,0.0
68,5,554.0,293.0,0.0
68,4,547.9545941546019,324.04540584539814,0.0
68,2,397.0,435.0,0.0
68,3,438.04540584539814,311.95459415460186,0.0
68,1,215.0,468.0,0.0
69,5,554.0,292.0,0.0
69,4,548.0,324.0,0.0
69,2,396.04540584539814,434.04540584539814,0.0
69,3,438.0,312.0,0.0
69,1,214.04540584539816,467.04540584539814,0.0
70,5,553.0454058453981,291.04540584539814,0.0
70,4,548.9545941546019,323.04540584539814,0.0
70,2,396.0,434.0,0.0
70,3,437.04540584539814,312.95459415460186,0.0
70,1,214.0,467.0,0.0
71,5,553.0,291.0,0.0
71,4,549.0,323.0,0.0
71,2,396.0,433.0,0.0
71,3,437.0,313.0,0.0
71,1,214.0,466.0,0.0
72,5,553.9545941546019,290.04540584539814,0.0
72,4,548.0454058453981,322.04540584539814,0.0
72,2,396.0,432.0,0.0
72,3,436.0,313.0,0.0
72,1,213.04540584539816,465.04540584539814,0.0
73,5,554.0,290.0,0.0
73,4,548.0,322.0,0.0
73,2,395.04540584539814,431.04540584539814,0.0
73,3,435.04540584539814,313.95459415460186,0.0
73,1,213.0,465.0,0.0
74,5,553.0454058453981,289.04540584539814,0.0
74,4,547.0,322.0,0.0
74,2,395.0,431.0,0.0
74,3,435.0,314.0,0.0
74,1,212.04540584539816,464.04540584539814,0.0
75,5,553.0,289.0,0.0
75,4,546.0,322.0,0.0
75,2,395.0,430.0,0.0
75,3,434.04540584539814,313.04540584539814,0.0
75,1,212.0,464.0,0.0
76,5,552.0454058453981,288.04540584539814,0.0
76,4,545.0454058453981,321.04540584539814,0.0
76,2,394.04540584539814,429.04540584539814,0.0
76,3,434.0,313.0,0.0
76,1,211.04540584539816,463.04540584539814,0.0
77,5,552.0,288.0,0.0
77,4,545.0,321.0,0.0
77,2,394.0,429.0,0.0
77,3,433.04540584539814,313.95459415460186,0.0
77,1,211.0,463.0,0.0
78,5,551.0454058453981,287.04540584539814,0.0
78,4,545.9545941546019,320.04540584539814,0.0
78,2,394.0,428.0,0.0
78,3,433.0,314.0,0.0
78,1,211.95459415460184,462.04540584539814,0.0
79,5,551.0,287.0,0.0
79,4,546.0,320.0,0.0
79,2,393.04540584539814,427.04540584539814,0.0
79,3,432.04540584539814,314.95459415460186,0.0
79,1,212.0,462.0,0.0
80,5,551.0,286.0,0.0
80,4,545.0454058453981,319.04540584539814,0.0
80,2,393.0,427.0,0.0
80,3,432.0,315.0,0.0
80,1,211.04540584539816,461.04540584539814,0.0
81,5,551.0,285.0,0.0
81,4,545.0,319.0,0.0
81,2,392.04540584539814,426.04540584539814,0.0
81,3,431.0,315.0,0.0
81,1,211.0,461.0,0.0
82,5,550.0454058453981,284.04540584539814,0.0
82,4,544.0454058453981,318.04540584539814,0.0
82,2,392.0,426.0,0.0
82,3,430.04540584539814,315.95459415460186,0.0
82,1,210.04540584539816,460.04540584539814,0.0
83,5,550.0,284.0,0.0
83,4,544.0,318.0,0.0
83,2,392.0,425.0,0.0
83,3,430.0,316.0,0.0
83,1,210.0,460.0,0.0
84,5,549.0454058453981,283.04540584539814,0.0
84,4,543.0454058453981,317.04540584539814,0.0
84,2,391.04540584539814,424.04540584539814,0.0
84,3,429.04540584539814,316.95459415460186,0.0
84,1,210.95459415460184,459.04540584539814,0.0
85,5,549.0,283.0,0.0
85,4,543.0,317.0,0.0
85,2,391.0,424.0,0.0
85,3,429.0,317.0,0.0
85,1,211.0,459.0,0.0
86,5,549.0,282.0,0.0
86,4,543.9545941546019,316.04540584539814,0.0
86,2,390.04540584539814,423.04540584539814,0.0
86,3,428.0,317.0,0.0
86,1,210.04540584539816,458.04540584539814,0.0
87,5,549.9545941546019,281.04540584539814,0.0
87,4,544.0,316.0,0.0
87,2,390.0,423.0,0.0
87,3,427.04540584539814,317.95459415460186,0.0
87,1,210.0,458.0,0.0
88,5,550.0,281.0,0.0
88,4,544.0,315.0,0.0
88,2,390.0,422.0,0.0
88,3,427.0,318.0,0.0
88,1,210.0,457.0,0.0
89,5,550.0,280.0,0.0
89,4,543.0454058453981,314.04540584539814,0.0
89,2,389.04540584539814,421.04540584539814,0.0
89,3,426.04540584539814,318.95459415460186,0.0
89,1,209.04540584539816,456.04540584539814,0.0
90,5,549.0454058453981,279.04540584539814,0.0
90,4,543.0,314.0,0.0
90,2,389.0,421.0,0.0
90,3,426.0,319.0,0.0
90,1,209.0,456.0,0.0
91,5,549.0,279.0,0.0
91,4,542.0454058453981,313.04540584539814,0.0
91,2,388.04540584539814,420.04540584539814,0.0
91,3,425.0,319.0,0.0
91,1,209.0,455.0,0.0
92,5,548.0,279.0,0.0
92,4,542.0,313.0,0.0
92,2,388.0,420.0,0.0
92,3,424.04540584539814,319.95459415460186,0.0
92,1,208.04540584539816,454.04540584539814,0.0
93,5,547.0454058453981,278.04540584539814,0.0
93,4,541.0454058453981,312.04540584539814,0.0
93,2,388.0,419.0,0.0
93,3,424.0,320.0,0.0
93,1,208.0,454.0,0.0
94,5,547.0,278.0,0.0
94,4,541.0,312.0,0.0
94,2,388.95459415460186,418.04540584539814,0.0
94,3,423.04540584539814,319.04540584539814,0.0
94,1,207.04540584539816,453.04540584539814,0.0
95,5,547.9545941546019,277.04540584539814,0.0
95,4,541.9545941546019,311.04540584539814,0.0
95,2,389.0,418.0,0.0
95,3,423.0,319.0,0.0
95,1,207.0,453.0,0.0
96,5,548.0,277.0,0.0
96,4,542.0,311.0,0.0
96,2,389.0,417.0,0.0
96,3,422.04540584539814,318.04540584539814,0.0
96,1,207.95459415460184,452.04540584539814,0.0
97,5,547.0454058453981,276.04540584539814,0.0
97,4,542.0,310.0,0.0
97,2,389.0,416.0,0.0
97,3,422.0,318.0,0.0
97,1,208.0,452.0,0.0
98,5,547.0,276.0,0.0
98,4,541.0454058453981,309.04540584539814,0.0
98,2,388.04540584539814,415.04540584539814,0.0
98,3,421.04540584539814,318.95459415460186,0.0
98,1,207.04540584539816,451.04540584539814,0.0
99,5,546.0454058453981,275.04540584539814,0.0
99,4,541.0,309.0,0.0
99,2,388.0,415.0,0.0
99,3,421.0,319.0,0.0
99,1,207.0,451.0,0.0
100,5,546.0,275.0,0.0
100,4,540.0,309.0,0.0
100,2,387.04540584539814,414.04540584539814,0.0
100,3,420.04540584539814,319.95459415460186,0.0
100,1,206.04540584539816,450.04540584539814,0.0
101,5,545.0454058453981,274.04540584539814,0.0
101,4,539.0454058453981,308.04540584539814,0.0
101,2,387.0,414.0,0.0
101,3,420.0,320.0,0.0
101,1,206.0,450.0,0.0
102,5,545.0,274.0,0.0
102,4,539.0,308.0,0.0
102,2,386.04540584539814,413.04540584539814,0.0
102,3,420.0,321.0,0.0
102,1,205.04540584539816,449.04540584539814,0.0
103,5,544.0454058453981,273.04540584539814,0.0
103,4,539.0,307.0,0.0
103,2,386.0,413.0,0.0
103,3,419.04540584539814,321.95459415460186,0.0
103,1,205.0,449.0,0.0
104,5,544.0,273.0,0.0
104,4,539.9545941546019,306.04540584539814,0.0
104,2,386.95459415460186,412.04540584539814,0.0
104,3,419.0,322.0,0.0
104,1,205.95459415460184,448.04540584539814,0.0
105,5,543.0454058453981,273.95459415460186,0.0
105,4,540.0,306.0,0.0
105,2,387.0,412.0,0.0
105,3,418.04540584539814,321.04540584539814,0.0
105,1,206.0,448.0,0.0
106,5,543.0,274.0,0.0
106,4,539.0454058453981,305.04540584539814,0.0
106,2,386.04540584539814,411.04540584539814,0.0
106,3,418.0,321.0,0.0
106,1,205.04540584539816,447.04540584539814,0.0
107,5,542.0454058453981,273.04540584539814,0.0
107,4,539.0,305.0,0.0
107,2,386.0,411.0,0.0
107,3,417.0,321.0,0.0
107,1,205.0,447.0,0.0
108,5,542.0,273.0,0.0
108,4,538.0454058453981,304.04540584539814,0.0
108,2,385.04540584539814,410.04540584539814,0.0
108,3,416.04540584539814,321.95459415460186,0.0
108,1,205.0,446.0,0.0
109,5,541.0454058453981,273.95459415460186,0.0
109,4,538.0,304.0,0.0
109,2,385.0,410.0,0.0
109,3,416.0,322.0,0.0
109,1,205.95459415460184,445.04540584539814,0.0
110,5,541.0,274.0,0.0
110,4,538.0,303.0,0.0
110,2,385.95459415460186,409.04540584539814,0.0
110,3,415.04540584539814,322.95459415460186,0.0
110,1,206.0,445.0,0.0
111,5,540.0454058453981,274.95459415460186,0.0
111,4,537.0454058453981,302.04540584539814,0.0
111,2,386.0,409.0,0.0
111,3,415.0,323.0,0.0
111,1,205.04540584539816,444.04540584539814,0.0
112,5,540.0,275.0,0.0
112,4,537.0,302.0,0.0
112,2,385.04540584539814,408.04540584539814,0.0
112,3,414.04540584539814,323.95459415460186,0.0
112,1,205.0,444.0,0.0
113,5,539.0454058453981,274.04540584539814,0.0
113,4,536.0454058453981,301.04540584539814,0.0
113,2,385.0,408.0,0.0
113,3,414.0,324.0,0.0
113,1,204.04540584539816,443.04540584539814,0.0
114,5,539.0,274.0,0.0
114,4,536.0,301.0,0.0
114,2,384.0,408.0,0.0
114,3,413.04540584539814,323.04540584539814,0.0
114,1,204.0,443.0,0.0
115,5,538.0,274.0,0.0
115,4,536.9545941546019,300.04540584539814,0.0
115,2,383.04540584539814,407.04540584539814,0.0
115,3,413.0,323.0,0.0
115,1,203.04540584539816,442.04540584539814,0.0
116,5,537.0454058453981,273.04540584539814,0.0
116,4,537.0,300.0,0.0
116,2,383.0,407.0,0.0
116,3,412.0,323.0,0.0
116,1,203.0,442.0,0.0
117,5,537.0,273.0,0.0
117,4,536.0454058453981,299.04540584539814,0.0
117,2,382.04540584539814,406.04540584539814,0.0
117,3,411.04540584539814,323.95459415460186,0.0
117,1,203.0,441.0,0.0
118,5,536.0454058453981,272.04540584539814,0.0
118,4,536.0,299.0,0.0
118,2,382.0,406.0,0.0
118,3,411.0,324.0,0.0
118,1,203.0,440.0,0.0
119,5,536.0,272.0,0.0
119,4,536.0,298.0,0.0
119,2,382.95459415460186,405.04540584539814,0.0
119,3,410.0,324.0,0.0
119,1,202.04540584539816,439.04540584539814,0.0
120,5,535.0,272.0,0.0
120,4,535.0454058453981,297.04540584539814,0.0
120,2,383.0,405.0,0.0
120,3,409.04540584539814,324.95459415460186,0.0
120,1,202.0,439.0,0.0
121,5,534.0,272.0,0.0
121,4,535.0,297.0,0.0
121,2,382.04540584539814,404.04540584539814,0.0
121,3,409.0,325.0,0.0
121,1,202.0,438.0,0.0
122,5,534.0,272.0,0.0
122,4,535.0,297.0,0.0
122,2,382.0,404.0,0.0
122,3,409.0,325.0,0.0
122,1,202.0,438.0,0.0
123,5,533.0,272.0,0.0
123,4,535.0,296.0,0.0
123,2,382.95459415460186,403.04540584539814,0.0
123,3,408.04540584539814,325.95459415460186,0.0
123,1,201.04540584539816,437.04540584539814,0.0
124,5,532.0,272.0,0.0
124,4,534.0454058453981,295.04540584539814,0.0
124,2,383.0,403.0,0.0
124,3,408.0,326.0,0.0
124,1,201.0,437.0,0.0
125,5,531.0,272.0,0.0
125,4,534.0,295.0,0.0
125,2,383.0,402.0,0.0
125,3,407.04540584539814,325.04540584539814,0.0
125,1,201.0,436.0,0.0
126,5,530.0,272.0,0.0
126,4,533.0454058453981,294.04540584539814,0.0
126,2,382.04540584539814,401.04540584539814,0.0
126,3,407.0,325.0,0.0
126,1,200.04540584539816,435.04540584539814,0.0
127,5,529.0,272.0,0.0
127,4,533.0,294.0,0.0
127,2,382.0,401.0,0.0
127,3,406.0,325.0,0.0
127,1,200.0,435.0,0.0
128,5,528.0454058453981,272.95459415460186,0.0
128,4,532.0454058453981,293.04540584539814,0.0
128,2,381.04540584539814,400.04540584539814,0.0
128,3,405.04540584539814,325.95459415460186,0.0
128,1,200.0,434.0,0.0
129,5,528.0,273.0,0.0
129,4,532.0,293.0,0.0
129,2,381.0,400.0,0.0
129,3,405.0,326.0,0.0
129,1,199.04540584539816,433.04540584539814,0.0
130,5,527.0454058453981,272.04540584539814,0.0
130,4,532.0,292.0,0.0
130,2,380.0,400.0,0.0
130,3,404.04540584539814,326.95459415460186,0.0
130,1,199.0,433.0,0.0
131,5,527.0,272.0,0.0
131,4,531.0454058453981,291.04540584539814,0.0
131,2,379.04540584539814,399.04540584539814,0.0
131,3,404.0,327.0,0.0
131,1,198.04540584539816,432.04540584539814,0.0
132,5,526.0,272.0,0.0
132,4,531.0,291.0,0.0
132,2,379.0,399.0,0.0
132,3,403.04540584539814,327.95459415460186,0.0
132,1,198.0,432.0,0.0
133,5,525.0454058453981,272.95459415460186,0.0
133,4,531.0,290.0,0.0
133,2,379.95459415460186,398.04540584539814,0.0
133,3,403.0,328.0,0.0
133,1,197.04540584539816,431.04540584539814,0.0
134,5,525.0,273.0,0.0
134,4,530.0454058453981,289.04540584539814,0.0
134,2,380.0,398.0,0.0
134,3,402.0,328.0,0.0
134,1,197.0,431.0,0.0
135,5,524.0454058453981,273.95459415460186,0.0
135,4,530.0,289.0,0.0
135,2,379.04540584539814,397.04540584539814,0.0
135,3,401.04540584539814,328.95459415460186,0.0
135,1,197.95459415460184,430.04540584539814,0.0
136,5,524.0,274.0,0.0
136,4,530.9545941546019,288.04540584539814,0.0
136,2,379.0,397.0,0.0
136,3,401.0,329.0,0.0
136,1,198.0,430.0,0.0
137,5,523.0,274.0,0.0
137,4,531.0,288.0,0.0
137,2,379.0,396.0,0.0
137,3,400.0,329.0,0.0
137,1,198.95459415460184,429.04540584539814,0.0
138,5,522.0454058453981,274.95459415460186,0.0
138,4,531.9545941546019,287.04540584539814,0.0
138,2,378.04540584539814,395.04540584539814,0.0
138,3,399.04540584539814,329.95459415460186,0.0
138,1,199.0,429.0,0.0
139,5,522.0,275.0,0.0
139,4,532.0,287.0,0.0
139,2,378.0,395.0,0.0
139,3,399.0,330.0,0.0
139,1,198.04540584539816,428.04540584539814,0.0
140,5,521.0,275.0,0.0
140,4,532.0,286.0,0.0
140,2,378.0,394.0,0.0
140,3,398.0,330.0,0.0
140,1,198.0,428.0,0.0
141,5,520.0454058453981,275.95459415460186,0.0
141,4,531.0454058453981,285.04540584539814,0.0
141,2,378.0,393.0,0.0
141,3,397.04540584539814,330.95459415460186,0.0
141,1,197.04540584539816,427.04540584539814,0.0
142,5,520.0,276.0,0.0
142,4,531.0,285.0,0.0
142,2,378.0,392.0,0.0
142,3,397.0,331.0,0.0
142,1,197.0,427.0,0.0
143,5,519.0454058453981,276.95459415460186,0.0
143,4,530.0454058453981,284.04540584539814,0.0
143,2,377.04540584539814,391.04540584539814,0.0
143,3,396.04540584539814,331.95459415460186,0.0
143,1,196.04540584539816,426.04540584539814,0.0
144,5,519.0,277.0,0.0
144,4,530.0,284.0,0.0
144,2,377.0,391.0,0.0
144,3,396.0,332.0,0.0
144,1,196.0,426.0,0.0
145,5,518.0,277.0,0.0
145,4,529.0454058453981,283.04540584539814,0.0
145,2,376.04540584539814,390.04540584539814,0.0
145,3,395.04540584539814,332.95459415460186,0.0
145,1,195.04540584539816,425.04540584539814,0.0
146,5,517.0454058453981,276.04540584539814,0.0
146,4,529.0,283.0,0.0
146,2,376.0,390.0,0.0
146,3,395.0,333.0,0.0
146,1,195.0,425.0,0.0
147,5,517.0,276.0,0.0
147,4,528.0454058453981,282.04540584539814,0.0
147,2,376.95459415460186,389.04540584539814,0.0
147,3,394.04540584539814,332.04540584539814,0.0
147,1,194.04540584539816,424.04540584539814,0.0
148,5,516.0454058453981,276.95459415460186,0.0
148,4,528.0,282.0,0.0
148,2,377.0,389.0,0.0
148,3,394.0,332.0,0.0
148,1,194.0,424.0,0.0
149,5,516.0,277.0,0.0
149,4,528.0,281.0,0.0
149,2,376.04540584539814,388.04540584539814,0.0
149,3,393.04540584539814,332.95459415460186,0.0
149,1,194.95459415460184,423.04540584539814,0.0
150,5,515.0,277.0,0.0
150,4,527.0454058453981,280.04540584539814,0.0
150,2,376.0,388.0,0.0
150,3,393.0,333.0,0.0
150,1,195.0,423.0,0.0
151,5,514.0454058453981,277.95459415460186,0.0
151,4,527.0,280.0,0.0
151,2,376.0,387.0,0.0
151,3,392.04540584539814,333.95459415460186,0.0
151,1,195.95459415460184,422.04540584539814,0.0
152,5,514.0,278.0,0.0
152,4,526.0454058453981,279.04540584539814,0.0
152,2,375.04540584539814,386.04540584539814,0.0
152,3,392.0,334.0,0.0
152,1,196.0,422.0,0.0
153,5,513.0454058453981,277.04540584539814,0.0
153,4,526.0,279.0,0.0
153,2,375.0,386.0,0.0
153,3,391.0,334.0,0.0
153,1,195.04540584539816,421.04540584539814,0.0
154,5,513.0,277.0,0.0
154,4,525.0454058453981,278.04540584539814,0.0
154,2,375.95459415460186,385.04540584539814,0.0
154,3,390.04540584539814,334.95459415460186,0.0
154,1,195.0,421.0,0.0
155,5,512.0454058453981,277.95459415460186,0.0
155,4,525.0,278.0,0.0
155,2,376.0,385.0,0.0
155,3,390.0,335.0,0.0
155,1,194.0,421.0,0.0
156,5,512.0,278.0,0.0
156,4,525.9545941546019,277.04540584539814,0.0
156,2,375.04540584539814,384.04540584539814,0.0
156,3,389.04540584539814,334.04540584539814,0.0
156,1,193.04540584539816,420.04540584539814,0.0
157,5,511.04540584539814,278.95459415460186,0.0
157,4,526.0,277.0,0.0
157,2,375.0,384.0,0.0
157,3,389.0,334.0,0.0
157,1,193.0,420.0,0.0
158,5,511.0,279.0,0.0
158,4,525.0454058453981,276.04540584539814,0.0
158,2,374.04540584539814,383.04540584539814,0.0
158,3,388.04540584539814,334.95459415460186,0.0
158,1,193.0,419.0,0.0
159,5,511.0,280.0,0.0
159,4,525.0,276.0,0.0
159,2,374.0,383.0,0.0
159,3,388.0,335.0,0.0
159,1,192.04540584539816,418.04540584539814,0.0
160,5,510.04540584539814,280.95459415460186,0.0
160,4,524.0454058453981,275.04540584539814,0.0
160,2,373.04540584539814,382.04540584539814,0.0
160,3,387.0,335.0,0.0
160,1,192.0,418.0,0.0
161,5,510.0,281.0,0.0
161,4,524.0,275.0,0.0
161,2,373.0,382.0,0.0
161,3,386.04540584539814,334.04540584539814,0.0
161,1,192.0,417.0,0.0
162,5,509.04540584539814,281.95459415460186,0.0
162,4,523.0454058453981,274.04540584539814,0.0
162,2,372.04540584539814,381.04540584539814,0.0
162,3,386.0,334.0,0.0
162,1,192.95459415460184,416.04540584539814,0.0
163,5,509.0,282.0,0.0
163,4,523.0,274.0,0.0
163,2,372.0,381.0,0.0
163,3,385.04540584539814,334.95459415460186,0.0
163,1,193.0,416.0,0.0
164,5,508.0,282.0,0.0
164,4,522.0454058453981,274.95459415460186,0.0
164,2,372.0,380.0,0.0
164,3,385.0,335.0,0.0
164,1,192.04540584539816,415.04540584539814,0.0
165,5,507.04540584539814,281.04540584539814,0.0
165,4,522.0,275.0,0.0
165,2,371.04540584539814,379.04540584539814,0.0
165,3,384.0,335.0,0.0
165,1,192.0,415.0,0.0
166,5,507.0,281.0,0.0
166,4,521.0,275.0,0.0
166,2,371.0,379.0,0.0
166,3,383.04540584539814,335.95459415460186,0.0
166,1,191.0,415.0,0.0
167,5,506.04540584539814,281.95459415460186,0.0
167,4,520.0454058453981,275.95459415460186,0.0
167,2,371.0,378.0,0.0
167,3,383.0,336.0,0.0
167,1,190.04540584539816,414.04540584539814,0.0
168,5,506.0,282.0,0.0
168,4,520.0,276.0,0.0
168,2,370.04540584539814,377.04540584539814,0.0
168,3,382.0,336.0,0.0
168,1,190.0,414.0,0.0
169,5,505.04540584539814,281.04540584539814,0.0
169,4,519.0454058453981,276.95459415460186,0.0
169,2,370.0,377.0,0.0
169,3,381.04540584539814,336.95459415460186,0.0
169,1,190.95459415460184,413.04540584539814,0.0
170,5,505.0,281.0,0.0
170,4,519.0,277.0,0.0
170,2,370.0,376.0,0.0
170,3,381.0,337.0,0.0
170,1,191.0,413.0,0.0
171,5,504.04540584539814,281.95459415460186,0.0
171,4,518.0,277.0,0.0
171,2,370.0,375.0,0.0
171,3,380.04540584539814,337.95459415460186,0.0
171,1,190.04540584539816,412.04540584539814,0.0
172,5,504.0,282.0,0.0
172,4,517.0454058453981,276.04540584539814,0.0
172,2,369.04540584539814,374.04540584539814,0.0
172,3,380.0,338.0,0.0
172,1,190.0,412.0,0.0
173,5,503.04540584539814,282.95459415460186,0.0
173,4,517.0,276.0,0.0
173,2,369.0,374.0,0.0
173,3,379.04540584539814,338.95459415460186,0.0
173,1,189.04540584539816,411.04540584539814,0.0
174,5,503.0,283.0,0.0
174,4,516.0454058453981,276.95459415460186,0.0
174,2,368.04540584539814,373.04540584539814,0.0
174,3,379.0,339.0,0.0
174,1,189.0,411.0,0.0
175,5,502.04540584539814,282.04540584539814,0.0
175,4,516.0,277.0,0.0
175,2,368.0,373.0,0.0
175,3,378.04540584539814,339.95459415460186,0.0
175,1,189.0,410.0,0.0
176,5,502.0,282.0,0.0
176,4,515.0,277.0,0.0
176,2,367.04540584539814,372.04540584539814,0.0
176,3,378.0,340.0,0.0
176,1,189.0,409.0,0.0
177,5,501.04540584539814,282.95459415460186,0.0
177,4,514.0454058453981,277.95459415460186,0.0
177,2,367.0,372.0,0.0
177,3,377.04540584539814,340.95459415460186,0.0
177,1,189.95459415460184,408.04540584539814,0.0
178,5,501.0,283.0,0.0
178,4,514.0,278.0,0.0
178,2,367.95459415460186,371.04540584539814,0.0
178,3,377.0,341.0,0.0
178,1,190.0,408.0,0.0
179,5,500.04540584539814,283.95459415460186,0.0
179,4,513.0454058453981,277.04540584539814,0.0
179,2,368.0,371.0,0.0
179,3,376.04540584539814,340.04540584539814,0.0
179,1,189.04540584539816,407.04540584539814,0.0
180,5,500.0,284.0,0.0
180,4,513.0,277.0,0.0
180,2,368.0,370.0,0.0
180,3,376.0,340.0,0.0
180,1,189.0,407.0,0.0
181,5,500.0,285.0,0.0
181,4,512.0454058453981,277.95459415460186,0.0
181,2,367.04540584539814,369.04540584539814,0.0
181,3,375.0,340.0,0.0
181,1,188.04540584539816,406.04540584539814,0.0
182,5,500.0,285.0,0.0
182,4,512.0,277.0,0.0
182,2,367.0,369.0,0.01
182,3,375.0,340.0,0.0
182,1,188.0,406.0,0.0
183,5,500.0,284.0,0.0
183,4,513.0,277.0,0.0
183,2,367.9621268292881,369.9621268292881,0.02
183,3,376.0,340.0,0.0
183,1,187.04540584539816,405.04540584539814,0.0
184,5,500.95459415460186,283.04540584539814,0.0
184,4,513.9545941546019,277.95459415460186,0.0
184,2,368.0,370.0,0.03
184,3,376.95459415460186,340.95459415460186,0.0
184,1,187.0,405.0,0.0
185,5,501.0,283.0,0.0
185,4,514.0,278.0,0.0
185,2,368.969718944091,370.969718944091,0.04
185,3,377.0,341.0,0.0
185,1,186.04540584539816,404.04540584539814,0.0
186,5,501.95459415460186,282.04540584539814,0.0
186,4,514.9545941546019,277.04540584539814,0.0
186,2,369.0,371.0,0.05
186,3,377.95459415460186,340.04540584539814,0.0
186,1,186.0,404.0,0.0
187,5,502.0,282.0,0.0
187,4,515.0,277.0,0.0
187,2,369.9773709680509,371.9773709680509,0.060000000000000005
187,3,378.0,340.0,0.0
187,1,186.0,403.0,0.0
188,5,502.95459415460186,282.95459415460186,0.0
188,4,516.0,277.0,0.0
188,2,370.0,372.0,0.07
188,3,378.95459415460186,339.04540584539814,0.0
188,1,185.04540584539816,402.04540584539814,0.0
189,5,503.0,283.0,0.0
189,4,516.9545941546019,276.04540584539814,0.0
189,2,370.0,373.0,0.08
189,3,379.0,339.0,0.0
189,1,185.0,402.0,0.0
190,5,503.95459415460186,282.04540584539814,0.0
190,4,517.0,276.0,0.0
190,2,369.01491662609095,373.98508337390905,0.08
190,3,379.95459415460186,338.04540584539814,0.0
190,1,185.95459415460184,401.04540584539814,0.0
191,5,504.0,282.0,0.0
191,4,517.9545941546019,276.95459415460186,0.0
191,2,369.0,374.0,0.09
191,3,380.0,338.0,0.0
191,1,186.0,401.0,0.0
192,5,504.95459415460186,281.04540584539814,0.0
192,4,518.0,277.0,0.0
192,2,369.9889623688009,374.9889623688009,0.09
192,3,380.95459415460186,337.04540584539814,0.0
192,1,185.04540584539816,400.04540584539814,0.0
193,5,505.0,281.0,0.0
193,4,519.0,277.0,0.0
193,2,370.0,375.0,0.09
193,3,381.0,337.0,0.0
193,1,185.0,400.0,0.0
194,5,505.95459415460186,281.95459415460186,0.0
194,4,519.9545941546019,276.04540584539814,0.0
194,2,371.0,375.0,0.09
194,3,381.95459415460186,336.04540584539814,0.0
194,1,185.95459415460184,399.04540584539814,0.0
195,5,506.0,282.0,0.0
195,4,520.0,276.0,0.0
195,2,371.9889623688009,375.9889623688009,0.09
195,3,382.0,336.0,0.0
195,1,186.0,399.0,0.0
196,5,506.95459415460186,281.04540584539814,0.0
196,4,520.9545941546019,275.04540584539814,0.0
196,2,372.0,376.0,0.09
196,3,383.0,336.0,0.0
196,1,185.04540584539816,398.04540584539814,0.0
197,5,507.0,281.0,0.0
197,4,521.0,275.0,0.0
197,2,373.0,376.0,0.09
197,3,383.95459415460186,335.04540584539814,0.0
197,1,185.0,398.0,0.0
198,5,507.95459415460186,281.95459415460186,0.0
198,4,522.0,275.0,0.0
198,2,373.9889623688009,375.0110376311991,0.09
198,3,384.0,335.0,0.0
198,1,184.04540584539816,397.04540584539814,0.0
199,5,508.0,282.0,0.0
199,4,522.9545941546019,274.04540584539814,0.0
199,2,374.0,375.0,0.09
199,3,385.0,335.0,0.0
199,1,184.0,397.0,0.0
200,5,509.0,282.0,0.0
200,4,523.0,274.0,0.0
200,2,374.9889623688009,374.0110376311991,0.09
200,3,385.95459415460186,334.04540584539814,0.0
200,1,183.04540584539816,396.04540584539814,0.0
201,5,509.95459415460186,281.04540584539814,0.0
201,4,524.0,274.0,0.0
201,2,375.0,374.0,0.09
201,3,386.0,334.0,0.0
201,1,183.0,396.0,0.0
202,5,510.0,281.0,0.0
202,4,524.9545941546019,273.04540584539814,0.0
202,2,375.9889623688009,373.0110376311991,0.09
202,3,386.95459415460186,334.95459415460186,0.0
202,1,182.04540584539816,395.04540584539814,0.0
203,5,510.95459415460186,280.04540584539814,0.0
203,4,525.0,273.0,0.0
203,2,376.0,373.0,0.09
203,3,387.0,335.0,0.0
203,1,182.0,395.0,0.0
204,5,511.0,280.0,0.0
204,4,525.9545941546019,272.04540584539814,0.0
204,2,376.9889623688009,372.0110376311991,0.09
204,3,388.0,335.0,0.0
204,1,182.0,394.0,0.0
205,5,511.0,279.0,0.0
205,4,526.0,272.0,0.0
205,2,377.0,372.0,0.09
205,3,388.95459415460186,334.04540584539814,0.0
205,1,182.0,393.0,0.0
206,5,511.95459415460186,278.04540584539814,0.0
206,4,527.0,272.0,0.0
206,2,377.9889623688009,371.0110376311991,0.09
206,3,389.0,334.0,0.0
206,1,181.04540584539816,392.04540584539814,0.0
207,5,512.0,278.0,0.0
207,4,527.9545941546019,272.95459415460186,0.0
207,2,378.0,371.0,0.09
207,3,389.95459415460186,334.95459415460186,0.0
207,1,181.0,392.0,0.0
208,5,512.9545941546019,277.04540584539814,0.0
208,4,528.0,273.0,0.0
208,2,379.0,371.0,0.09
208,3,390.0,335.0,0.0
208,1,181.0,391.0,0.0
209,5,513.0,277.0,0.0
209,4,528.9545941546019,272.04540584539814,0.0
209,2,379.9889623688009,370.0110376311991,0.09
209,3,390.95459415460186,334.04540584539814,0.0
209,1,181.0,390.0,0.0
210,5,513.9545941546019,277.95459415460186,0.0
210,4,529.0,272.0,0.0
210,2,380.0,370.0,0.09
210,3,391.0,334.0,0.0
210,1,180.04540584539816,389.04540584539814,0.0
211,5,514.0,278.0,0.0
211,4,530.0,272.0,0.0
211,2,380.9889623688009,369.0110376311991,0.09
211,3,392.0,334.0,0.0
211,1,180.0,389.0,0.0
212,5,514.9545941546019,277.04540584539814,0.0
212,4,531.0,272.0,0.0
212,2,381.0,369.0,0.09
212,3,392.95459415460186,333.04540584539814,0.0
212,1,179.04540584539816,388.04540584539814,0.0
213,5,515.0,277.0,0.0
213,4,532.0,272.0,0.0
213,2,381.9889623688009,369.9889623688009,0.09
213,3,393.0,333.0,0.0
213,1,179.0,388.0,0.0
214,5,516.0,277.0,0.0
214,4,533.0,272.0,0.0
214,2,382.0,370.0,0.09
214,3,393.95459415460186,332.04540584539814,0.0
214,1,179.95459415460184,387.04540584539814,0.0
215,5,516.9545941546019,276.04540584539814,0.0
215,4,534.0,272.0,0.0
215,2,382.9889623688009,369.0110376311991,0.09
215,3,394.0,332.0,0.0
215,1,180.0,387.0,0.0
216,5,517.0,276.0,0.0
216,4,535.0,272.0,0.0
216,2,383.0,369.0,0.09
216,3,394.95459415460186,332.95459415460186,0.0
216,1,179.04540584539816,386.04540584539814,0.0
217,5,517.9545941546019,276.95459415460186,0.0
217,4,536.0,272.0,0.0
217,2,383.9889623688009,368.0110376311991,0.09
217,3,395.0,333.0,0.0
217,1,179.0,386.0,0.0
218,5,518.0,277.0,0.0
218,4,536.9545941546019,272.95459415460186,0.0
218,2,384.0,368.0,0.09
218,3,395.95459415460186,332.04540584539814,0.0
218,1,179.0,385.0,0.0
219,5,519.0,277.0,0.0
219,4,537.0,273.0,0.0
219,2,384.9889623688009,367.0110376311991,0.09
219,3,396.0,332.0,0.0
219,1,179.0,384.0,0.0
220,5,519.9545941546019,276.04540584539814,0.0
220,4,537.9545941546019,273.95459415460186,0.0
220,2,385.0,367.0,0.09
220,3,396.95459415460186,331.04540584539814,0.0
220,1,178.04540584539816,383.04540584539814,0.0
221,5,520.0,276.0,0.0
221,4,538.0,274.0,0.0
221,2,385.9889623688009,367.9889623688009,0.09
221,3,397.0,331.0,0.0
221,1,178.0,383.0,0.0
222,5,520.9545941546019,275.04540584539814,0.0
222,4,539.0,274.0,0.0
222,2,386.0,368.0,0.09
222,3,397.95459415460186,330.04540584539814,0.0
222,1,178.0,382.0,0.0
223,5,521.0,275.0,0.0
223,4,539.9545941546019,274.95459415460186,0.0
223,2,386.9889623688009,367.0110376311991,0.09
223,3,398.0,330.0,0.0
223,1,177.04540584539816,381.04540584539814,0.0
224,5,522.0,275.0,0.0
224,4,540.0,275.0,0.0
224,2,387.0,367.0,0.09
224,3,399.0,330.0,0.0
224,1,177.0,381.0,0.0
225,5,522.9545941546019,274.04540584539814,0.0
225,4,540.9545941546019,274.04540584539814,0.0
225,2,388.0,367.0,0.09
225,3,399.95459415460186,329.04540584539814,0.0
225,1,177.0,380.0,0.0
226,5,523.0,274.0,0.0
226,4,541.0,274.0,0.0
226,2,388.9889623688009,366.0110376311991,0.09
226,3,400.0,329.0,0.0
226,1,176.04540584539816,379.04540584539814,0.0
227,5,524.0,274.0,0.0
227,4,541.9545941546019,273.04540584539814,0.0
227,2,389.0,366.0,0.09
227,3,401.0,329.0,0.0
227,1,176.0,379.0,0.0
228,5,524.9545941546019,273.04540584539814,0.0
228,4,542.0,273.0,0.0
228,2,389.9889623688009,365.0110376311991,0.09
228,3,401.95459415460186,328.04540584539814,0.0
228,1,176.0,378.0,0.0
229,5,525.0,273.0,0.0
229,4,542.9545941546019,273.95459415460186,0.0
229,2,390.0,365.0,0.09
229,3,402.0,328.0,0.0
229,1,175.04540584539816,377.04540584539814,0.0
230,5,525.9545941546019,272.04540584539814,0.0
230,4,543.0,274.0,0.0
230,2,390.9889623688009,364.0110376311991,0.09
230,3,403.0,328.0,0.0
230,1,175.0,377.0,0.0
231,5,526.0,272.0,0.0
231,4,543.9545941546019,273.04540584539814,0.0
231,2,391.0,364.0,0.09
231,3,403.95459415460186,327.04540584539814,0.0
231,1,174.04540584539816,376.04540584539814,0.0
232,5,527.0,272.0,0.0
232,4,544.0,273.0,0.0
232,2,391.9889623688009,363.0110376311991,0.09
232,3,404.0,327.0,0.0
232,1,174.0,376.0,0.0
233,5,527.9545941546019,272.95459415460186,0.0
233,4,544.9545941546019,273.95459415460186,0.0
233,2,392.0,363.0,0.09
233,3,404.95459415460186,326.04540584539814,0.0
233,1,173.04540584539816,375.04540584539814,0.0
234,5,528.0,273.0,0.0
234,4,545.0,274.0,0.0
234,2,392.9889623688009,362.0110376311991,0.09
234,3,405.0,326.0,0.0
234,1,173.0,375.0,0.0
235,5,528.9545941546019,272.04540584539814,0.0
235,4,545.9545941546019,274.95459415460186,0.0
235,2,393.0,362.0,0.09
235,3,405.95459415460186,325.04540584539814,0.0
235,1,173.95459415460184,374.04540584539814,0.0
236,5,529.0,272.0,0.0
236,4,546.0,275.0,0.0
236,2,394.0,362.0,0.09
236,3,406.0,325.0,0.0
236,1,174.0,374.0,0.0
237,5,530.0,272.0,0.0
237,4,546.9545941546019,275.95459415460186,0.0
237,2,394.9889623688009,362.9889623688009,0.09
237,3,407.0,325.0,0.0
237,1,173.04540584539816,373.04540584539814,0.0
238,5,531.0,272.0,0.0
238,4,547.0,276.0,0.0
238,2,395.0,363.0,0.09
238,3,407.95459415460186,325.95459415460186,0.0
238,1,173.0,373.0,0.0
239,5,532.0,272.0,0.0
239,4,547.9545941546019,276.95459415460186,0.0
239,2,395.9889623688009,362.0110376311991,0.09
239,3,408.0,326.0,0.0
239,1,173.95459415460184,372.04540584539814,0.0
240,5,533.0,272.0,0.0
240,4,548.0,277.0,0.0
240,2,396.0,362.0,0.09
240,3,408.95459415460186,325.04540584539814,0.0
240,1,174.0,372.0,0.0
241,5,534.0,272.0,0.0
241,4,547.0454058453981,277.95459415460186,0.0
241,2,396.9889623688009,362.9889623688009,0.09
241,3,409.0,325.0,0.0
241,1,173.04540584539816,371.04540584539814,0.0
242,5,534.0,272.0,0.0
242,4,547.0,277.0,0.0
242,2,396.0,362.0,0.09
242,3,409.0,325.0,0.0
242,1,173.0,371.0,0.0
243,5,535.0,272.0,0.0
243,4,547.0,278.0,0.0
243,2,396.0,362.0,0.09
243,3,409.95459415460186,324.04540584539814,0.0
243,1,173.0,370.0,0.0
244,5,536.0,272.0,0.0
244,4,547.9545941546019,278.95459415460186,0.0
244,2,396.9889623688009,362.9889623688009,0.09
244,3,410.0,324.0,0.0
244,1,172.04540584539816,369.04540584539814,0.0
245,5,536.9545941546019,272.95459415460186,0.0
245,4,548.0,279.0,0.0
245,2,397.0,363.0,0.09
245,3,411.0,324.0,0.0
245,1,172.0,369.0,0.0
246,5,537.0,273.0,0.0
246,4,549.0,279.0,0.0
246,2,397.9889623688009,362.0110376311991,0.09
246,3,411.95459415460186,323.04540584539814,0.0
246,1,172.0,368.0,0.0
247,5,537.9545941546019,273.95459415460186,0.0
247,4,549.9545941546019,279.95459415460186,0.0
247,2,398.0,362.0,0.09
247,3,412.0,323.0,0.0
247,1,171.04540584539816,367.04540584539814,0.0
248,5,538.0,274.0,0.0
248,4,550.0,280.0,0.0
248,2,398.0,361.0,0.09
248,3,413.0,323.0,0.0
248,1,171.0,367.0,0.0
249,5,539.0,274.0,0.0
249,4,550.0,281.0,0.0
249,2,398.9889623688009,360.0110376311991,0.09
249,3,413.95459415460186,323.95459415460186,0.0
249,1,170.04540584539816,366.04540584539814,0.0
250,5,539.9545941546019,274.95459415460186,0.0
250,4,549.0454058453981,281.95459415460186,0.0
250,2,399.0,360.0,0.09
250,3,414.0,324.0,0.0
250,1,170.0,366.0,0.0
251,5,540.0,275.0,0.0
251,4,549.0,282.0,0.0
251,2,399.9889623688009,359.0110376311991,0.09
251,3,414.95459415460186,323.04540584539814,0.0
251,1,169.04540584539816,365.04540584539814,0.0
252,5,540.9545941546019,274.04540584539814,0.0
252,4,549.0,283.0,0.0
252,2,400.0,359.0,0.09
252,3,415.0,323.0,0.0
252,1,169.0,365.0,0.0
253,5,541.0,274.0,0.0
253,4,549.9545941546019,283.95459415460186,0.0
253,2,401.0,359.0,0.09
253,3,415.95459415460186,322.04540584539814,0.0
253,1,169.95459415460184,364.04540584539814,0.0
254,5,541.9545941546019,273.04540584539814,0.0
254,4,550.0,284.0,0.0
254,2,401.9889623688009,359.9889623688009,0.09
254,3,416.0,322.0,0.0
254,1,170.0,364.0,0.0
255,5,542.0,273.0,0.0
255,4,550.9545941546019,284.95459415460186,0.0
255,2,402.0,360.0,0.09
255,3,416.95459415460186,321.04540584539814,0.0
255,1,169.04540584539816,363.04540584539814,0.0
256,5,542.9545941546019,273.95459415460186,0.0
256,4,551.0,285.0,0.0
256,2,403.0,360.0,0.09
256,3,417.0,321.0,0.0
256,1,169.0,363.0,0.0
257,5,543.0,274.0,0.0
257,4,551.0,286.0,0.0
257,2,403.9889623688009,359.0110376311991,0.09
257,3,418.0,321.0,0.0
257,1,168.04540584539816,362.04540584539814,0.0
258,5,543.9545941546019,273.04540584539814,0.0
258,4,551.0,287.0,0.0
258,2,404.0,359.0,0.09
258,3,418.95459415460186,321.95459415460186,0.0
258,1,168.0,362.0,0.0
259,5,544.0,273.0,0.0
259,4,551.9545941546019,287.95459415460186,0.0
259,2,404.9889623688009,358.0110376311991,0.09
259,3,419.0,322.0,0.0
259,1,168.95459415460184,361.04540584539814,0.0
260,5,544.9545941546019,273.95459415460186,0.0
260,4,552.0,288.0,0.0
260,2,405.0,358.0,0.09
260,3,419.95459415460186,321.04540584539814,0.0
260,1,169.0,361.0,0.0
261,5,545.0,274.0,0.0
261,4,552.9545941546019,288.95459415460186,0.0
261,2,405.9889623688009,357.0110376311991,0.09
261,3,420.0,321.0,0.0
261,1,168.04540584539816,360.04540584539814,0.0
262,5,545.9545941546019,274.95459415460186,0.0
262,4,553.0,289.0,0.0
262,2,406.0,357.0,0.09
262,3,420.0,320.0,0.0
262,1,168.0,360.0,0.0
263,5,546.0,275.0,0.0
263,4,553.9545941546019,289.95459415460186,0.0
263,2,406.9889623688009,356.0110376311991,0.09
263,3,420.95459415460186,319.04540584539814,0.0
263,1,168.0,359.0,0.0
264,5,546.9545941546019,275.95459415460186,0.0
264,4,554.0,290.0,0.0
264,2,407.0,356.0,0.09
264,3,421.0,319.0,0.0
264,1,167.04540584539816,358.04540584539814,0.0
265,5,547.0,276.0,0.0
265,4,553.0454058453981,290.95459415460186,0.0
265,2,408.0,356.0,0.09
265,3,421.95459415460186,318.04540584539814,0.0
265,1,167.0,358.0,0.0
266,5,547.9545941546019,276.95459415460186,0.0
266,4,553.0,291.0,0.0
266,2,409.0,356.0,0.09
266,3,422.0,318.0,0.0
266,1,167.0,357.0,0.0
267,5,548.0,277.0,0.0
267,4,553.9545941546019,291.95459415460186,0.0
267,2,409.9889623688009,355.0110376311991,0.09
267,3,422.95459415460186,318.95459415460186,0.0
267,1,166.04540584539816,356.04540584539814,0.0
268,5,547.0454058453981,277.95459415460186,0.0
268,4,554.0,292.0,0.0
268,2,410.0,355.0,0.09
268,3,423.0,319.0,0.0
268,1,166.0,356.0,0.0
269,5,547.0,278.0,0.0
269,4,554.0,293.0,0.0
269,2,410.9889623688009,355.9889623688009,0.09
269,3,423.95459415460186,319.95459415460186,0.0
269,1,165.04540584539816,355.04540584539814,0.0
270,5,547.9545941546019,278.95459415460186,0.0
270,4,554.9545941546019,293.95459415460186,0.0
270,2,411.0,356.0,0.09
270,3,424.0,320.0,0.0
270,1,165.0,355.0,0.0
271,5,548.0,279.0,0.0
271,4,555.0,294.0,0.0
271,2,411.9889623688009,355.0110376311991,0.09
271,3,424.95459415460186,319.04540584539814,0.0
271,1,165.0,354.0,0.0
272,5,549.0,279.0,0.0
272,4,555.0,295.0,0.0
272,2,412.0,355.0,0.09
272,3,425.0,319.0,0.0
272,1,165.95459415460184,353.04540584539814,0.0
273,5,549.9545941546019,279.95459415460186,0.0
273,4,555.9545941546019,295.95459415460186,0.0
273,2,412.9889623688009,354.0110376311991,0.09
273,3,426.0,319.0,0.0
273,1,166.0,353.0,0.0
274,5,550.0,280.0,0.0
274,4,556.0,296.0,0.0
274,2,413.0,354.0,0.09
274,3,426.95459415460186,318.04540584539814,0.0
274,1,165.04540584539816,352.04540584539814,0.0
275,5,550.0,281.0,0.0
275,4,556.0,297.0,0.0
275,2,413.9889623688009,353.0110376311991,0.09
275,3,427.0,318.0,0.0
275,1,165.0,352.0,0.0
276,5,549.0454058453981,281.95459415460186,0.0
276,4,556.9545941546019,297.95459415460186,0.0
276,2,414.0,353.0,0.09
276,3,427.95459415460186,317.04540584539814,0.0
276,1,164.0,352.0,0.0
277,5,549.0,282.0,0.0
277,4,557.0,298.0,0.0
277,2,414.9889623688009,353.9889623688009,0.09
277,3,428.0,317.0,0.0
277,1,163.04540584539816,351.04540584539814,0.0
278,5,549.0,283.0,0.0
278,4,556.0454058453981,298.95459415460186,0.0
278,2,415.0,354.0,0.09
278,3,429.0,317.0,0.0
278,1,163.0,351.0,0.0
279,5,549.9545941546019,283.95459415460186,0.0
279,4,556.0,299.0,0.0
279,2,415.9889623688009,353.0110376311991,0.09
279,3,429.95459415460186,316.04540584539814,0.0
279,1,163.0,350.0,0.0
280,5,550.0,284.0,0.0
280,4,556.9545941546019,299.95459415460186,0.0
280,2,416.0,353.0,0.09
280,3,430.0,316.0,0.0
280,1,163.95459415460184,349.04540584539814,0.0
281,5,550.9545941546019,284.95459415460186,0.0
281,4,557.0,300.0,0.0
281,2,417.0,353.0,0.09
281,3,430.95459415460186,315.04540584539814,0.0
281,1,164.0,349.0,0.0
282,5,551.0,285.0,0.0
282,4,556.0454058453981,300.95459415460186,0.0
282,2,417.9889623688009,352.0110376311991,0.09
282,3,431.0,315.0,0.0
282,1,164.0,348.0,0.0
283,5,551.0,286.0,0.0
283,4,556.0,301.0,0.0
283,2,418.0,352.0,0.09
283,3,432.0,315.0,0.0
283,1,163.04540584539816,347.04540584539814,0.0
284,5,551.0,287.0,0.0
284,4,556.9545941546019,301.95459415460186,0.0
284,2,418.0,351.0,0.09
284,3,432.95459415460186,314.04540584539814,0.0
284,1,163.0,347.0,0.0
285,5,551.9545941546019,287.95459415460186,0.0
285,4,557.0,302.0,0.0
285,2,417.0110376311991,350.0110376311991,0.09
285,3,433.0,314.0,0.0
285,1,162.04540584539816,346.04540584539814,0.0
286,5,552.0,288.0,0.0
286,4,557.0,303.0,0.0
286,2,417.0,350.0,0.09
286,3,433.95459415460186,313.04540584539814,0.0
286,1,162.0,346.0,0.0
287,5,552.9545941546019,288.95459415460186,0.0
287,4,557.9545941546019,303.95459415460186,0.0
287,2,417.0,349.0,0.09
287,3,434.0,313.0,0.0
287,1,161.0,346.0,0.0
288,5,553.0,289.0,0.0
288,4,558.0,304.0,0.0
288,2,417.9889623688009,348.0110376311991,0.09
288,3,434.95459415460186,313.95459415460186,0.0
288,1,160.04540584539816,345.04540584539814,0.0
289,5,553.9545941546019,289.95459415460186,0.0
289,4,558.9545941546019,304.95459415460186,0.0
289,2,418.0,348.0,0.09
289,3,435.0,314.0,0.0
289,1,160.0,345.0,0.0
290,5,554.0,290.0,0.0
290,4,559.0,305.0,0.0
290,2,418.9889623688009,347.0110376311991,0.09
290,3,435.95459415460186,313.04540584539814,0.0
290,1,160.0,344.0,0.0
291,5,553.0454058453981,290.95459415460186,0.0
291,4,559.9545941546019,305.95459415460186,0.0
291,2,419.0,347.0,0.09
291,3,436.0,313.0,0.0
291,1,160.95459415460184,343.04540584539814,0.0
292,5,553.0,291.0,0.0
292,4,560.0,306.0,0.0
292,2,419.0,346.0,0.09
292,3,437.0,313.0,0.0
292,1,161.0,343.0,0.0
293,5,553.9545941546019,291.95459415460186,0.0
293,4,560.9545941546019,306.95459415460186,0.0
293,2,419.9889623688009,345.0110376311991,0.09
293,3,437.95459415460186,312.04540584539814,0.0
293,1,161.95459415460184,342.04540584539814,0.0
294,5,554.0,292.0,0.0
294,4,561.0,307.0,0.0
294,2,420.0,345.0,0.09
294,3,438.0,312.0,0.0
294,1,162.0,342.0,0.0
295,5,554.0,293.0,0.0
295,4,561.9545941546019,307.95459415460186,0.0
295,2,420.9889623688009,344.0110376311991,0.09
295,3,438.95459415460186,311.04540584539814,0.0
295,1,161.04540584539816,341.04540584539814,0.0
296,5,554.9545941546019,293.95459415460186,0.0
296,4,562.0,308.0,0.0
296,2,421.0,344.0,0.09
296,3,439.0,311.0,0.0
296,1,161.0,341.0,0.0
297,5,555.0,294.0,0.0
297,4,561.0454058453981,308.95459415460186,0.0
297,2,421.0,343.0,0.09
297,3,439.95459415460186,310.04540584539814,0.0
297,1,161.0,340.0,0.0
298,5,555.0,295.0,0.0
298,4,561.0,309.0,0.0
298,2,421.0,342.0,0.09
298,3,440.0,310.0,0.0
298,1,160.04540584539816,339.04540584539814,0.0
299,5,555.9545941546019,295.95459415460186,0.0
299,4,561.0,310.0,0.0
299,2,421.9889623688009,341.0110376311991,0.09
299,3,441.0,310.0,0.0
299,1,160.0,339.0,0.0
300,5,556.0,296.0,0.0
300,4,561.0,311.0,0.0
300,2,422.0,341.0,0.09
300,3,441.95459415460186,309.04540584539814,0.0
300,1,159.04540584539816,338.04540584539814,0.0
301,5,556.0,297.0,0.0
301,4,561.9545941546019,311.95459415460186,0.0
301,2,421.0110376311991,340.0110376311991,0.09
301,3,442.0,309.0,0.0
301,1,159.0,338.0,0.0
302,5,556.0,297.0,0.0
302,4,561.0,311.0,0.0
302,2,421.0,340.0,0.09
302,3,442.0,309.0,0.0
302,1,159.0,338.0,0.0
303,5,556.9545941546019,297.95459415460186,0.0
303,4,561.0,311.0,0.0
303,2,421.9889623688009,339.0110376311991,0.09
303,3,442.95459415460186,309.95459415460186,0.0
303,1,158.04540584539816,337.04540584539814,0.0
304,5,557.0,298.0,0.0
304,4,561.9545941546019,311.95459415460186,0.0
304,2,422.0,339.0,0.09
304,3,443.0,310.0,0.0
304,1,158.0,337.0,0.0
305,5,556.0454058453981,298.95459415460186,0.0
305,4,562.0,312.0,0.0
305,2,422.0,338.0,0.09
305,3,443.95459415460186,309.04540584539814,0.0
305,1,157.04540584539816,336.04540584539814,0.0
306,5,556.0,299.0,0.0
306,4,562.9545941546019,312.95459415460186,0.0
306,2,422.9889623688009,337.0110376311991,0.09
306,3,444.0,309.0,0.0
306,1,157.0,336.0,0.0
307,5,556.9545941546019,299.95459415460186,0.0
307,4,563.0,313.0,0.0
307,2,423.0,337.0,0.09
307,3,445.0,309.0,0.0
307,1,156.04540584539816,335.04540584539814,0.0
308,5,557.0,300.0,0.0
308,4,563.9545941546019,313.95459415460186,0.0
308,2,422.0110376311991,336.0110376311991,0.09
308,3,445.95459415460186,308.04540584539814,0.0
308,1,156.0,335.0,0.0
309,5,556.0454058453981,300.95459415460186,0.0
309,4,564.0,314.0,0.0
309,2,422.0,336.0,0.09
309,3,446.0,308.0,0.0
309,1,156.0,334.0,0.0
310,5,556.0,301.0,0.0
310,4,564.0,315.0,0.0
310,2,421.0110376311991,335.0110376311991,0.09
310,3,447.0,308.0,0.0
310,1,156.0,333.0,0.0
311,5,556.9545941546019,301.95459415460186,0.0
311,4,563.0454058453981,315.95459415460186,0.0
311,2,421.0,335.0,0.09
311,3,448.0,308.0,0.0
311,1,156.95459415460184,332.04540584539814,0.0
312,5,557.0,302.0,0.0
312,4,563.0,316.0,0.0
312,2,421.0,334.0,0.09
312,3,449.0,308.0,0.0
312,1,157.0,332.0,0.0
313,5,557.0,303.0,0.0
313,4,563.9545941546019,316.95459415460186,0.0
313,2,421.9889623688009,333.0110376311991,0.09
313,3,449.95459415460186,307.04540584539814,0.0
313,1,157.0,331.0,0.0
314,5,557.9545941546019,303.95459415460186,0.0
314,4,564.0,317.0,0.0
314,2,422.0,333.0,0.09
314,3,450.0,307.0,0.0
314,1,156.04540584539816,330.04540584539814,0.0
315,5,558.0,304.0,0.0
315,4,564.9545941546019,317.95459415460186,0.0
315,2,422.9889623688009,332.0110376311991,0.09
315,3,451.0,307.0,0.0
315,1,156.0,330.0,0.0
316,5,558.9545941546019,304.95459415460186,0.0
316,4,565.0,318.0,0.0
316,2,423.0,332.0,0.09
316,3,451.95459415460186,306.04540584539814,0.0
316,1,155.04540584539816,329.04540584539814,0.0
317,5,559.0,305.0,0.0
317,4,565.9545941546019,318.95459415460186,0.0
317,2,422.0110376311991,331.0110376311991,0.09
317,3,452.0,306.0,0.0
317,1,155.0,329.0,0.0
318,5,559.9545941546019,305.95459415460186,0.0
318,4,566.0,319.0,0.0
318,2,422.0,331.0,0.09
318,3,453.0,306.0,0.0
318,1,155.0,328.0,0.0
319,5,560.0,306.0,0.0
319,4,565.0454058453981,319.95459415460186,0.0
319,2,422.0,330.0,0.09
319,3,453.95459415460186,305.04540584539814,0.0
319,1,154.04540584539816,327.04540584539814,0.0
320,5,560.9545941546019,306.95459415460186,0.0
320,4,565.0,320.0,0.0
320,2,421.0110376311991,329.0110376311991,0.09
320,3,454.0,305.0,0.0
320,1,154.0,327.0,0.0
321,5,561.0,307.0,0.0
321,4,565.9545941546019,320.95459415460186,0.0
321,2,421.0,329.0,0.09
321,3,455.0,305.0,0.0
321,1,153.04540584539816,326.04540584539814,0.0
322,5,561.9545941546019,307.95459415460186,0.0
322,4,566.0,321.0,0.0
322,2,421.0,328.0,0.09
322,3,455.95459415460186,304.04540584539814,0.0
322,1,153.0,326.0,0.0
323,5,562.0,308.0,0.0
323,4,566.9545941546019,321.95459415460186,0.0
323,2,421.0,327.0,0.09
323,3,456.0,304.0,0.0
323,1,152.04540584539816,325.04540584539814,0.0
324,5,561.0454058453981,308.95459415460186,0.0
324,4,567.0,322.0,0.0
324,2,421.9889623688009,326.0110376311991,0.09
324,3,457.0,304.0,0.0
324,1,152.0,325.0,0.0
325,5,561.0,309.0,0.0
325,4,567.9545941546019,322.95459415460186,0.0
325,2,422.0,326.0,0.09
325,3,457.95459415460186,303.04540584539814,0.0
325,1,152.95459415460184,324.04540584539814,0.0
326,5,561.0,310.0,0.0
326,4,568.0,323.0,0.0
326,2,422.0,325.0,0.09
326,3,458.0,303.0,0.0
326,1,153.0,324.0,0.0
327,5,561.0,311.0,0.0
327,4,567.0454058453981,323.95459415460186,0.0
327,2,421.0110376311991,324.0110376311991,0.09
327,3,458.95459415460186,302.04540584539814,0.0
327,1,153.95459415460184,323.04540584539814,0.0
328,5,561.9545941546019,311.95459415460186,0.0
328,4,567.0,324.0,0.0
328,2,421.0,324.0,0.09
328,3,459.0,302.0,0.0
328,1,154.0,323.0,0.0
329,5,562.0,312.0,0.0
329,4,567.0,325.0,0.0
329,2,420.0110376311991,323.0110376311991,0.09
329,3,459.95459415460186,301.04540584539814,0.0
329,1,153.04540584539816,322.04540584539814,0.0
330,5,562.9545941546019,312.95459415460186,0.0
330,4,567.9545941546019,325.95459415460186,0.0
330,2,420.0,323.0,0.09
330,3,460.0,301.0,0.0
330,1,153.0,322.0,0.0
331,5,563.0,313.0,0.0
331,4,568.0,326.0,0.0
331,2,419.0110376311991,322.0110376311991,0.09
331,3,460.95459415460186,301.95459415460186,0.0
331,1,152.04540584539816,321.04540584539814,0.0
332,5,563.9545941546019,313.95459415460186,0.0
332,4,568.0,327.0,0.0
332,2,419.0,322.0,0.09
332,3,461.0,302.0,0.0
332,1,152.0,321.0,0.0
333,5,564.0,314.0,0.0
333,4,568.9545941546019,327.95459415460186,0.0
333,2,419.9889623688009,321.0110376311991,0.09
333,3,461.95459415460186,301.04540584539814,0.0
333,1,151.04540584539816,320.04540584539814,0.0
334,5,564.0,315.0,0.0
334,4,569.0,328.0,0.0
334,2,420.0,321.0,0.09
334,3,462.0,301.0,0.0
334,1,151.0,320.0,0.0
335,5,563.0454058453981,315.95459415460186,0.0
335,4,569.9545941546019,328.95459415460186,0.0
335,2,420.0,320.0,0.09
335,3,463.0,301.0,0.0
335,1,150.04540584539816,319.04540584539814,0.0
336,5,563.0,316.0,0.0
336,4,570.0,329.0,0.0
336,2,420.9889623688009,319.0110376311991,0.09
336,3,464.0,301.0,0.0
336,1,150.0,319.0,0.0
337,5,563.9545941546019,316.95459415460186,0.0
337,4,570.0,330.0,0.0
337,2,421.0,319.0,0.09
337,3,465.0,301.0,0.0
337,1,150.0,318.0,0.0
338,5,564.0,317.0,0.0
338,4,570.9545941546019,330.95459415460186,0.0
338,2,421.9889623688009,318.0110376311991,0.09
338,3,465.95459415460186,300.04540584539814,0.0
338,1,149.04540584539816,317.04540584539814,0.0
339,5,564.9545941546019,317.95459415460186,0.0
339,4,571.0,331.0,0.0
339,2,422.0,318.0,0.09
339,3,466.0,300.0,0.0
339,1,149.0,317.0,0.0
340,5,565.0,318.0,0.0
340,4,570.0454058453981,331.95459415460186,0.0
340,2,422.9889623688009,318.9889623688009,0.09
340,3,467.0,300.0,0.0
340,1,149.0,316.0,0.0
341,5,565.9545941546019,318.95459415460186,0.0
341,4,570.0,332.0,0.0
341,2,423.0,319.0,0.09
341,3,467.95459415460186,299.04540584539814,0.0
341,1,148.04540584539816,315.04540584539814,0.0
342,5,566.0,319.0,0.0
342,4,570.9545941546019,332.95459415460186,0.0
342,2,423.9889623688009,319.9889623688009,0.09
342,3,468.0,299.0,0.0
342,1,148.0,315.0,0.0
343,5,565.0454058453981,319.95459415460186,0.0
343,4,571.0,333.0,0.0
343,2,424.0,320.0,0.09
343,3,468.95459415460186,298.04540584539814,0.0
343,1,147.0,315.0,0.0
344,5,565.0,320.0,0.0
344,4,572.0,333.0,0.0
344,2,424.9889623688009,319.0110376311991,0.09
344,3,469.0,298.0,0.0
344,1,146.04540584539816,314.04540584539814,0.0
345,5,565.9545941546019,320.95459415460186,0.0
345,4,572.9545941546019,333.95459415460186,0.0
345,2,425.0,319.0,0.09
345,3,470.0,298.0,0.0
345,1,146.0,314.0,0.0
346,5,566.0,321.0,0.0
346,4,573.0,334.0,0.0
346,2,426.0,319.0,0.09
346,3,471.0,298.0,0.0
346,1,145.0,314.0,0.0
347,5,566.9545941546019,321.95459415460186,0.0
347,4,573.0,335.0,0.0
347,2,426.9889623688009,318.0110376311991,0.09
347,3,471.95459415460186,297.04540584539814,0.0
347,1,144.04540584539816,313.04540584539814,0.0
348,5,567.0,322.0,0.0
348,4,573.0,336.0,0.0
348,2,427.0,318.0,0.09
348,3,472.0,297.0,0.0
348,1,144.0,313.0,0.0
349,5,567.9545941546019,322.95459415460186,0.0
349,4,573.9545941546019,336.95459415460186,0.0
349,2,427.9889623688009,317.0110376311991,0.09
349,3,472.0,296.0,0.0
349,1,144.0,312.0,0.0
350,5,568.0,323.0,0.0
350,4,574.0,337.0,0.0
350,2,428.0,317.0,0.09
350,3,472.95459415460186,295.04540584539814,0.0
350,1,144.95459415460184,311.04540584539814,0.0
351,5,567.0454058453981,323.95459415460186,0.0
351,4,574.9545941546019,337.95459415460186,0.0
351,2,429.0,317.0,0.09
351,3,473.0,295.0,0.0
351,1,145.0,311.0,0.0
352,5,567.0,324.0,0.0
352,4,575.0,338.0,0.0
352,2,429.9889623688009,316.0110376311991,0.09
352,3,474.0,295.0,0.0
352,1,145.0,310.0,0.0
353,5,567.0,325.0,0.0
353,4,575.0,339.0,0.0
353,2,430.0,316.0,0.09
353,3,475.0,295.0,0.0
353,1,144.04540584539816,309.04540584539814,0.0
354,5,567.9545941546019,325.95459415460186,0.0
354,4,575.0,340.0,0.0
354,2,430.9889623688009,315.0110376311991,0.09
354,3,475.95459415460186,294.04540584539814,0.0
354,1,144.0,309.0,0.0
355,5,568.0,326.0,0.0
355,4,575.9545941546019,340.95459415460186,0.0
355,2,431.0,315.0,0.09
355,3,476.0,294.0,0.0
355,1,143.04540584539816,308.04540584539814,0.0
356,5,568.0,327.0,0.0
356,4,576.0,341.0,0.0
356,2,432.0,315.0,0.09
356,3,477.0,294.0,0.0
356,1,143.0,308.0,0.0
357,5,568.9545941546019,327.95459415460186,0.0
357,4,576.9545941546019,341.95459415460186,0.0
357,2,432.9889623688009,314.0110376311991,0.09
357,3,477.95459415460186,294.95459415460186,0.0
357,1,142.04540584539816,307.04540584539814,0.0
358,5,569.0,328.0,0.0
358,4,577.0,342.0,0.0
358,2,433.0,314.0,0.09
358,3,478.0,295.0,0.0
358,1,142.0,307.0,0.0
359,5,569.9545941546019,328.95459415460186,0.0
359,4,577.0,343.0,0.0
359,2,433.9889623688009,313.0110376311991,0.09
359,3,479.0,295.0,0.0
359,1,141.04540584539816,306.04540584539814,0.0
360,5,570.0,329.0,0.0
360,4,577.9545941546019,343.95459415460186,0.0
360,2,434.0,313.0,0.09
360,3,479.95459415460186,294.04540584539814,0.0
360,1,141.0,306.0,0.0
361,5,570.0,330.0,0.0
361,4,578.0,344.0,0.0
361,2,434.9889623688009,313.9889623688009,0.09
361,3,480.0,294.0,0.0
361,1,140.04540584539816,305.04540584539814,0.0
362,5,570.0,330.0,0.0
362,4,578.0,344.0,0.0
362,2,434.0,313.0,0.09
362,3,480.0,294.0,0.0
362,1,140.0,305.0,0.0
363,5,570.0,329.0,0.0
363,4,578.9545941546019,344.95459415460186,0.0
363,2,434.0,313.0,0.09
363,3,479.04540584539814,293.04540584539814,0.0
363,1,140.0,304.0,0.0
364,5,569.0454058453981,328.04540584539814,0.0
364,4,579.0,345.0,0.0
364,2,434.9889623688009,313.9889623688009,0.09
364,3,479.0,293.0,0.0
364,1,139.04540584539816,303.04540584539814,0.0
365,5,569.0,328.0,0.0
365,4,578.0454058453981,345.95459415460186,0.0
365,2,435.0,314.0,0.09
365,3,479.95459415460186,292.04540584539814,0.0
365,1,139.0,303.0,0.0
366,5,568.0454058453981,327.04540584539814,0.0
366,4,578.0,346.0,0.0
366,2,435.9889623688009,313.0110376311991,0.09
366,3,480.0,292.0,0.0
366,1,139.95459415460184,302.04540584539814,0.0
367,5,568.0,327.0,0.0
367,4,578.9545941546019,346.95459415460186,0.0
367,2,436.0,313.0,0.09
367,3,481.0,292.0,0.0
367,1,140.0,302.0,0.0
368,5,568.0,326.0,0.0
368,4,579.0,347.0,0.0
368,2,437.0,313.0,0.09
368,3,481.95459415460186,291.04540584539814,0.0
368,1,140.0,301.0,0.0
369,5,567.0454058453981,325.04540584539814,0.0
369,4,579.9545941546019,347.95459415460186,0.0
369,2,437.9889623688009,312.0110376311991,0.09
369,3,482.0,291.0,0.0
369,1,140.0,300.0,0.0
370,5,567.0,325.0,0.0
370,4,580.0,348.0,0.0
370,2,438.0,312.0,0.09
370,3,482.95459415460186,291.95459415460186,0.0
370,1,139.04540584539816,299.04540584539814,0.0
371,5,567.0,324.0,0.0
371,4,580.0,349.0,0.0
371,2,438.9889623688009,311.0110376311991,0.09
371,3,483.0,292.0,0.0
371,1,139.0,299.0,0.0
372,5,567.9545941546019,323.04540584539814,0.0
372,4,579.0454058453981,349.95459415460186,0.0
372,2,439.0,311.0,0.09
372,3,483.95459415460186,291.04540584539814,0.0
372,1,139.0,298.0,0.0
373,5,568.0,323.0,0.0
373,4,579.0,350.0,0.0
373,2,439.9889623688009,310.0110376311991,0.09
373,3,484.0,291.0,0.0
373,1,139.95459415460184,297.04540584539814,0.0
374,5,567.0454058453981,322.04540584539814,0.0
374,4,579.9545941546019,350.95459415460186,0.0
374,2,440.0,310.0,0.09
374,3,484.95459415460186,290.04540584539814,0.0
374,1,140.0,297.0,0.0
375,5,567.0,322.0,0.0
375,4,580.0,351.0,0.0
375,2,441.0,310.0,0.09
375,3,485.0,290.0,0.0
375,1,140.95459415460184,296.04540584539814,0.0
376,5,566.0454058453981,321.04540584539814,0.0
376,4,579.0454058453981,351.95459415460186,0.0
376,2,441.9889623688009,309.0110376311991,0.09
376,3,486.0,290.0,0.0
376,1,141.0,296.0,0.0
377,5,566.0,321.0,0.0
377,4,579.0,352.0,0.0
377,2,442.0,309.0,0.09
377,3,486.95459415460186,289.04540584539814,0.0
377,1,141.95459415460184,295.04540584539814,0.0
378,5,565.0454058453981,320.04540584539814,0.0
378,4,579.9545941546019,352.95459415460186,0.0
378,2,442.9889623688009,309.9889623688009,0.09
378,3,487.0,289.0,0.0
378,1,142.0,295.0,0.0
379,5,565.0,320.0,0.0
379,4,580.0,353.0,0.0
379,2,443.0,310.0,0.09
379,3,488.0,289.0,0.0
379,1,141.04540584539816,294.04540584539814,0.0
380,5,565.9545941546019,319.04540584539814,0.0
380,4,580.9545941546019,353.95459415460186,0.0
380,2,443.9889623688009,309.0110376311991,0.09
380,3,488.95459415460186,288.04540584539814,0.0
380,1,141.0,294.0,0.0
381,5,566.0,319.0,0.0
381,4,581.0,354.0,0.0
381,2,444.0,309.0,0.09
381,3,489.0,288.0,0.0
381,1,141.0,293.0,0.0
382,5,565.0454058453981,318.04540584539814,0.0
382,4,581.9545941546019,354.95459415460186,0.0
382,2,445.0,309.0,0.09
382,3,489.95459415460186,288.95459415460186,0.0
382,1,140.04540584539816,292.04540584539814,0.0
383,5,565.0,318.0,0.0
383,4,582.0,355.0,0.0
383,2,445.9889623688009,308.0110376311991,0.09
383,3,490.0,289.0,0.0
383,1,140.0,292.0,0.0
384,5,564.0454058453981,317.04540584539814,0.0
384,4,582.0,356.0,0.0
384,2,446.0,308.0,0.09
384,3,490.95459415460186,288.04540584539814,0.0
384,1,139.04540584539816,291.04540584539814,0.0
385,5,564.0,317.0,0.0
385,4,582.0,357.0,0.0
385,2,447.0,308.0,0.09
385,3,491.0,288.0,0.0
385,1,139.0,291.0,0.0
386,5,563.0454058453981,316.04540584539814,0.0
386,4,582.9545941546019,357.95459415460186,0.0
386,2,448.0,308.0,0.09
386,3,491.95459415460186,287.04540584539814,0.0
386,1,139.95459415460184,290.04540584539814,0.0
387,5,563.0,316.0,0.0
387,4,583.0,358.0,0.0
387,2,449.0,308.0,0.09
387,3,492.0,287.0,0.0
387,1,140.0,290.0,0.0
388,5,563.9545941546019,315.04540584539814,0.0
388,4,582.0454058453981,358.95459415460186,0.0
388,2,449.9889623688009,307.0110376311991,0.09
388,3,492.95459415460186,287.95459415460186,0.0
388,1,140.95459415460184,289.04540584539814,0.0
389,5,564.0,315.0,0.0
389,4,582.0,359.0,0.0
389,2,450.0,307.0,0.09
389,3,493.0,288.0,0.0
389,1,141.0,289.0,0.0
390,5,564.0,314.0,0.0
390,4,582.9545941546019,359.95459415460186,0.0
390,2,451.0,307.0,0.09
390,3,493.95459415460186,287.04540584539814,0.0
390,1,140.04540584539816,288.04540584539814,0.0
391,5,563.0454058453981,313.04540584539814,0.0
391,4,583.0,360.0,0.0
391,2,451.9889623688009,306.0110376311991,0.09
391,3,494.0,287.0,0.0
391,1,140.0,288.0,0.0
392,5,563.0,313.0,0.0
392,4,583.0,361.0,0.0
392,2,452.0,306.0,0.09
392,3,495.0,287.0,0.0
392,1,139.04540584539816,287.04540584539814,0.0
393,5,562.0454058453981,312.04540584539814,0.0
393,4,583.9545941546019,361.95459415460186,0.0
393,2,453.0,306.0,0.09
393,3,495.95459415460186,286.04540584539814,0.0
393,1,139.0,287.0,0.0
394,5,562.0,312.0,0.0
394,4,584.0,362.0,0.0
394,2,453.9889623688009,305.0110376311991,0.09
394,3,496.0,286.0,0.0
394,1,139.0,286.0,0.0
395,5,561.0454058453981,311.04540584539814,0.0
395,4,584.0,363.0,0.0
395,2,454.0,305.0,0.09
395,3,497.0,286.0,0.0
395,1,138.04540584539816,285.04540584539814,0.0
396,5,561.0,311.0,0.0
396,4,584.9545941546019,363.95459415460186,0.0
396,2,455.0,305.0,0.09
396,3,497.95459415460186,285.04540584539814,0.0
396,1,138.0,285.0,0.0
397,5,561.0,310.0,0.0
397,4,585.0,364.0,0.0
397,2,455.9889623688009,304.0110376311991,0.09
397,3,498.0,285.0,0.0
397,1,138.0,284.0,0.0
398,5,561.0,309.0,0.0
398,4,585.9545941546019,364.95459415460186,0.0
398,2,456.0,304.0,0.09
398,3,498.95459415460186,285.95459415460186,0.0
398,1,138.0,283.0,0.0
399,5,561.9545941546019,308.04540584539814,0.0
399,4,586.0,365.0,0.0
399,2,457.0,304.0,0.09
399,3,499.0,286.0,0.0
399,1,138.0,282.0,0.0
400,5,562.0,308.0,0.0
400,4,586.0,366.0,0.0
400,2,457.9889623688009,303.0110376311991,0.09
400,3,499.95459415460186,285.04540584539814,0.0
400,1,137.04540584539816,281.04540584539814,0.0
401,5,561.0454058453981,307.04540584539814,0.0
401,4,586.9545941546019,366.95459415460186,0.0
401,2,458.0,303.0,0.09
401,3,500.0,285.0,0.0
401,1,137.0,281.0,0.0
402,5,561.0,307.0,0.0
402,4,587.0,367.0,0.0
402,2,458.9889623688009,302.0110376311991,0.09
402,3,500.0,284.0,0.0
402,1,136.04540584539816,280.04540584539814,0.0
403,5,560.0454058453981,306.04540584539814,0.0
403,4,587.9545941546019,367.95459415460186,0.0
403,2,459.0,302.0,0.09
403,3,500.95459415460186,283.04540584539814,0.0
403,1,136.0,280.0,0.0
404,5,560.0,306.0,0.0
404,4,588.0,368.0,0.0
404,2,459.9889623688009,301.0110376311991,0.09
404,3,501.0,283.0,0.0
404,1,135.0,280.0,0.0
405,5,559.0454058453981,305.04540584539814,0.0
405,4,588.0,369.0,0.0
405,2,460.0,301.0,0.09
405,3,501.95459415460186,282.04540584539814,0.0
405,1,134.04540584539816,279.04540584539814,0.0
406,5,559.0,305.0,0.0
406,4,587.0454058453981,369.95459415460186,0.0
406,2,460.9889623688009,301.9889623688009,0.09
406,3,502.0,282.0,0.0
406,1,134.0,279.0,0.0
407,5,558.0454058453981,304.04540584539814,0.0
407,4,587.0,370.0,0.0
407,2,461.0,302.0,0.09
407,3,502.95459415460186,282.95459415460186,0.0
407,1,134.0,278.0,0.0
408,5,558.0,304.0,0.0
408,4,587.9545941546019,370.95459415460186,0.0
408,2,461.9889623688009,301.0110376311991,0.09
408,3,503.0,283.0,0.0
408,1,134.95459415460184,277.04540584539814,0.0
409,5,557.0454058453981,303.04540584539814,0.0
409,4,588.0,371.0,0.0
409,2,462.0,301.0,0.09
409,3,503.95459415460186,282.04540584539814,0.0
409,1,135.0,277.0,0.0
410,5,557.0,303.0,0.0
410,4,588.0,372.0,0.0
410,2,463.0,301.0,0.09
410,3,504.0,282.0,0.0
410,1,134.04540584539816,276.04540584539814,0.0
411,5,557.0,302.0,0.0
411,4,588.9545941546019,372.95459415460186,0.0
411,2,464.0,301.0,0.09
411,3,504.95459415460186,281.04540584539814,0.0
411,1,134.0,276.0,0.0
412,5,556.0454058453981,301.04540584539814,0.0
412,4,589.0,373.0,0.0
412,2,465.0,301.0,0.09
412,3,505.0,281.0,0.0
412,1,133.04540584539816,275.04540584539814,0.0
413,5,556.0,301.0,0.0
413,4,589.0,374.0,0.0
413,2,465.9889623688009,300.0110376311991,0.09
413,3,505.95459415460186,281.95459415460186,0.0
413,1,133.0,275.0,0.0
414,5,556.9545941546019,300.04540584539814,0.0
414,4,589.9545941546019,374.95459415460186,0.0
414,2,466.0,300.0,0.09
414,3,506.0,282.0,0.0
414,1,132.04540584539816,274.04540584539814,0.0
415,5,557.0,300.0,0.0
415,4,590.0,375.0,0.0
415,2,467.0,300.0,0.09
415,3,506.95459415460186,281.04540584539814,0.0
415,1,132.0,274.0,0.0
416,5,556.0454058453981,299.04540584539814,0.0
416,4,590.9545941546019,375.95459415460186,0.0
416,2,467.9889623688009,299.0110376311991,0.09
416,3,507.0,281.0,0.0
416,1,131.04540584539816,273.04540584539814,0.0
417,5,556.0,299.0,0.0
417,4,591.0,376.0,0.0
417,2,468.0,299.0,0.09
417,3,507.95459415460186,281.95459415460186,0.0
417,1,131.0,273.0,0.0
418,5,556.9545941546019,298.04540584539814,0.0
418,4,591.0,377.0,0.0
418,2,468.9889623688009,298.0110376311991,0.09
418,3,508.0,282.0,0.0
418,1,131.0,272.0,0.0
419,5,557.0,298.0,0.0
419,4,591.0,378.0,0.0
419,2,469.0,298.0,0.09
419,3,509.0,282.0,0.0
419,1,131.0,271.0,0.0
420,5,556.0454058453981,297.04540584539814,0.0
420,4,591.9545941546019,378.95459415460186,0.0
420,2,470.0,298.0,0.09
420,3,509.95459415460186,281.04540584539814,0.0
420,1,131.0,270.0,0.0
421,5,556.0,297.0,0.0
421,4,592.0,379.0,0.0
421,2,471.0,298.0,0.09
421,3,510.0,281.0,0.0
421,1,130.04540584539816,269.04540584539814,0.0
422,5,556.0,297.0,0.0
422,4,592.0,379.0,0.01
422,2,471.0,298.0,0.09
422,3,510.0,281.0,0.0
422,1,130.0,269.0,0.0
423,5,556.0,296.0,0.0
423,4,592.9621268292881,379.9621268292881,0.02
423,2,471.9889623688009,297.0110376311991,0.09
423,3,510.95459415460186,280.04540584539814,0.0
423,1,129.04540584539816,268.04540584539814,0.0
424,5,555.0454058453981,295.04540584539814,0.0
424,4,593.0,380.0,0.03
424,2,472.0,297.0,0.09
424,3,511.0,280.0,0.0
424,1,129.0,268.0,0.0
425,5,555.0,295.0,0.0
425,4,593.969718944091,380.969718944091,0.04
425,2,472.0,296.0,0.09
425,3,511.0,279.0,0.0
425,1,129.0,267.0,0.0
426,5,555.0,294.0,0.0
426,4,594.0,381.0,0.05
426,2,472.9889623688009,295.0110376311991,0.09
426,3,511.95459415460186,278.04540584539814,0.0
426,1,128.04540584539816,266.04540584539814,0.0
427,5,554.0454058453981,293.04540584539814,0.0
427,4,594.9773709680509,381.9773709680509,0.060000000000000005
427,2,473.0,295.0,0.09
427,3,512.0,278.0,0.0
427,1,128.0,266.0,0.0
428,5,554.0,293.0,0.0
428,4,595.0,382.0,0.07
428,2,474.0,295.0,0.09
428,3,512.9545941546019,277.04540584539814,0.0
428,1,127.04540584539816,265.04540584539814,0.0
429,5,554.0,292.0,0.0
429,4,595.985083373909,382.98508337390905,0.08
429,2,475.0,295.0,0.09
429,3,513.0,277.0,0.0
429,1,127.0,265.0,0.0
430,5,553.0454058453981,291.04540584539814,0.0
430,4,596.0,383.0,0.09
430,2,475.9889623688009,294.0110376311991,0.09
430,3,513.9545941546019,277.95459415460186,0.0
430,1,126.04540584539816,264.04540584539814,0.0
431,5,553.0,291.0,0.0
431,4,596.9928566381374,383.9928566381373,0.09999999999999999
431,2,476.0,294.0,0.09
431,3,514.0,278.0,0.0
431,1,126.0,264.0,0.0
432,5,553.9545941546019,290.04540584539814,0.0
432,4,597.0,384.0,0.10999999999999999
432,2,477.0,294.0,0.09
432,3,514.9545941546019,277.04540584539814,0.0
432,1,125.04540584539816,263.04540584539814,0.0
433,5,554.0,290.0,0.0
433,4,598.0,385.0,0.11999999999999998
433,2,477.9889623688009,294.9889623688009,0.09
433,3,515.0,277.0,0.0
433,1,125.0,263.0,0.0
434,5,553.0454058453981,289.04540584539814,0.0
434,4,599.0,386.0,0.12999999999999998
434,2,478.0,295.0,0.09
434,3,516.0,277.0,0.0
434,1,125.0,262.0,0.0
435,5,553.0,289.0,0.0
435,4,600.0,385.0,0.13999999999999999
435,2,479.0,295.0,0.09
435,3,516.9545941546019,276.04540584539814,0.0
435,1,124.04540584539816,261.04540584539814,0.0
436,5,552.0454058453981,288.04540584539814,0.0
436,4,601.0,384.0,0.15
436,2,479.9889623688009,294.0110376311991,0.09
436,3,517.0,276.0,0.0
436,1,124.0,261.0,0.0
437,5,552.0,288.0,0.0
437,4,602.0,385.0,0.16
437,2,480.0,294.0,0.09
437,3,517.9545941546019,276.95459415460186,0.0
437,1,124.0,260.0,0.0
438,5,551.0454058453981,287.04540584539814,0.0
438,4,603.0,384.0,0.17
438,2,479.0110376311991,293.0110376311991,0.09
438,3,518.0,277.0,0.0
438,1,123.04540584539816,259.04540584539814,0.0
439,5,551.0,287.0,0.0
439,4,604.0,383.0,0.18000000000000002
439,2,479.0,293.0,0.09
439,3,519.0,277.0,0.0
439,1,123.0,259.0,0.0
440,5,551.0,286.0,0.0
440,4,605.0,383.0,0.19000000000000003
440,2,479.9889623688009,292.0110376311991,0.09
440,3,519.9545941546019,276.04540584539814,0.0
440,1,122.04540584539816,258.04540584539814,0.0
441,5,551.0,285.0,0.0
441,4,606.0,383.0,0.20000000000000004
441,2,480.0,292.0,0.09
441,3,520.0,276.0,0.0
441,1,122.0,258.0,0.0
442,5,550.0454058453981,284.04540584539814,0.0
442,4,607.0,382.0,0.21000000000000005
442,2,481.0,292.0,0.09
442,3,520.9545941546019,275.04540584539814,0.0
442,1,121.04540584539816,257.04540584539814,0.0
443,5,550.0,284.0,0.0
443,4,608.0,383.0,0.22000000000000006
443,2,481.9889623688009,291.0110376311991,0.09
443,3,521.0,275.0,0.0
443,1,121.0,257.0,0.0
444,5,549.0454058453981,283.04540584539814,0.0
444,4,609.0,382.0,0.23000000000000007
444,2,482.0,291.0,0.09
444,3,522.0,275.0,0.0
444,1,120.04540584539816,256.04540584539814,0.0
445,5,549.0,283.0,0.0
445,4,610.0,381.0,0.24000000000000007
445,2,482.9889623688009,291.9889623688009,0.09
445,3,522.9545941546019,274.04540584539814,0.0
445,1,120.0,256.0,0.0
446,5,549.0,282.0,0.0
446,4,611.0,382.0,0.25000000000000006
446,2,483.0,292.0,0.09
446,3,523.0,274.0,0.0
446,1,119.04540584539816,256.95459415460186,0.0
447,5,549.9545941546019,281.04540584539814,0.0
447,4,612.0,381.0,0.26000000000000006
447,2,483.9889623688009,291.0110376311991,0.09
447,3,524.0,274.0,0.0
447,1,119.0,257.0,0.0
448,5,550.0,281.0,0.0
448,4,613.0,381.0,0.2700000000000001
448,2,484.0,291.0,0.09
448,3,524.9545941546019,273.04540584539814,0.0
448,1,118.04540584539816,256.04540584539814,0.0
449,5,550.0,280.0,0.0
449,4,614.0,380.0,0.2800000000000001
449,2,484.9889623688009,290.0110376311991,0.09
449,3,525.0,273.0,0.0
449,1,118.0,256.0,0.0
450,5,549.0454058453981,279.04540584539814,0.0
450,4,615.0,379.0,0.2900000000000001
450,2,485.0,290.0,0.09
450,3,525.9545941546019,272.04540584539814,0.0
450,1,118.0,255.0,0.0
451,5,549.0,279.0,0.0
451,4,616.0,380.0,0.3000000000000001
451,2,486.0,290.0,0.09
451,3,526.0,272.0,0.0
451,1,117.04540584539816,254.04540584539816,0.0
452,5,548.0,279.0,0.0
452,4,617.0,379.0,0.3100000000000001
452,2,486.9889623688009,289.0110376311991,0.09
452,3,527.0,272.0,0.0
452,1,117.0,254.0,0.0
453,5,547.0454058453981,278.04540584539814,0.0
453,4,618.0,378.0,0.3200000000000001
453,2,487.0,289.0,0.09
453,3,527.9545941546019,272.95459415460186,0.0
453,1,116.04540584539816,253.04540584539816,0.0
454,5,547.0,278.0,0.0
454,4,619.0,378.0,0.3300000000000001
454,2,488.0,289.0,0.09
454,3,528.0,273.0,0.0
454,1,116.0,253.0,0.0
455,5,547.9545941546019,277.04540584539814,0.0
455,4,620.0,377.0,0.34000000000000014
455,2,488.9889623688009,288.0110376311991,0.09
455,3,528.9545941546019,272.04540584539814,0.0
455,1,115.04540584539816,252.04540584539816,0.0
456,5,548.0,277.0,0.0
456,4,621.0,376.0,0.35000000000000014
456,2,489.0,288.0,0.09
456,3,529.0,272.0,0.0
456,1,115.0,252.0,0.0
457,5,547.0454058453981,276.04540584539814,0.0
457,4,622.0,375.0,0.36000000000000015
457,2,489.9889623688009,288.9889623688009,0.09
457,3,530.0,272.0,0.0
457,1,114.04540584539816,251.04540584539816,0.0
458,5,547.0,276.0,0.0
458,4,623.0,374.0,0.37000000000000016
458,2,490.0,289.0,0.09
458,3,531.0,272.0,0.0
458,1,114.0,251.0,0.0
459,5,546.0454058453981,275.04540584539814,0.0
459,4,624.0,375.0,0.38000000000000017
459,2,490.9889623688009,288.0110376311991,0.09
459,3,532.0,272.0,0.0
459,1,113.04540584539816,250.04540584539816,0.0
460,5,546.0,275.0,0.0
460,4,625.0,375.0,0.3900000000000002
460,2,491.0,288.0,0.09
460,3,533.0,272.0,0.0
460,1,113.0,250.0,0.0
461,5,545.0454058453981,274.04540584539814,0.0
461,4,626.0,376.0,0.4000000000000002
461,2,491.9889623688009,287.0110376311991,0.09
461,3,534.0,272.0,0.0
461,1,113.0,249.0,0.0
462,5,545.0,274.0,0.0
462,4,627.0,375.0,0.4100000000000002
462,2,492.0,287.0,0.09
462,3,535.0,272.0,0.0
462,1,112.04540584539816,248.04540584539816,0.0
463,5,544.0454058453981,273.04540584539814,0.0
463,4,628.0,374.0,0.4200000000000002
463,2,492.9889623688009,287.9889623688009,0.09
463,3,536.0,272.0,0.0
463,1,112.0,248.0,0.0
464,5,544.0,273.0,0.0
464,4,629.0,373.0,0.4300000000000002
464,2,493.0,288.0,0.09
464,3,536.9545941546019,272.95459415460186,0.0
464,1,111.04540584539816,247.04540584539816,0.0
465,5,544.0,272.0,0.0
465,4,630.0,372.0,0.4400000000000002
465,2,493.9889623688009,287.0110376311991,0.09
465,3,537.0,273.0,0.0
465,1,111.0,247.0,0.0
466,5,543.0454058453981,271.04540584539814,0.0
466,4,631.0,372.0,0.45000000000000023
466,2,494.0,287.0,0.09
466,3,537.9545941546019,273.95459415460186,0.0
466,1,110.04540584539816,246.04540584539816,0.0
467,5,543.0,271.0,0.0
467,4,632.0,372.0,0.46000000000000024
467,2,495.0,287.0,0.09
467,3,538.0,274.0,0.0
467,1,110.0,246.0,0.0
468,5,543.0,270.0,0.0
468,4,633.0,371.0,0.47000000000000025
468,2,495.9889623688009,286.0110376311991,0.09
468,3,539.0,274.0,0.0
468,1,109.04540584539816,245.04540584539816,0.0
469,5,542.0454058453981,269.04540584539814,0.0
469,4,634.0,372.0,0.48000000000000026
469,2,496.0,286.0,0.09
469,3,539.9545941546019,274.95459415460186,0.0
469,1,109.0,245.0,0.0
470,5,542.0,269.0,0.0
470,4,635.0,371.0,0.49000000000000027
470,2,497.0,286.0,0.09
470,3,540.0,275.0,0.0
470,1,108.04540584539816,244.04540584539816,0.0
471,5,542.9545941546019,268.04540584539814,0.0
471,4,636.0,370.0,0.5000000000000002
471,2,497.9889623688009,285.0110376311991,0.09
471,3,540.9545941546019,274.04540584539814,0.0
471,1,108.0,244.0,0.0
472,5,543.0,268.0,0.0
472,4,637.0,369.0,0.5000000000000002
472,2,498.0,285.0,0.09
472,3,541.0,274.0,0.0
472,1,107.04540584539816,243.04540584539816,0.0
473,5,542.0454058453981,267.04540584539814,0.0
473,4,638.0,368.0,0.5000000000000002
473,2,498.9889623688009,285.9889623688009,0.09
473,3,541.9545941546019,273.04540584539814,0.0
473,1,107.0,243.0,0.0
474,5,542.0,267.0,0.0
474,4,639.0,367.0,0.5000000000000002
474,2,499.0,286.0,0.09
474,3,542.0,273.0,0.0
474,1,107.0,242.0,0.0
475,5,542.9545941546019,266.04540584539814,0.0
475,4,640.0,367.0,0.5000000000000002
475,2,499.9889623688009,285.0110376311991,0.09
475,3,542.9545941546019,273.95459415460186,0.0
475,1,106.04540584539816,241.04540584539816,0.0
476,5,543.0,266.0,0.0
476,4,641.0,368.0,0.5000000000000002
476,2,500.0,285.0,0.09
476,3,543.0,274.0,0.0
476,1,106.0,241.0,0.0
477,5,543.9545941546019,265.04540584539814,0.0
477,4,642.0,367.0,0.5000000000000002
477,2,500.0,284.0,0.09
477,3,543.9545941546019,273.04540584539814,0.0
477,1,105.04540584539816,240.04540584539816,0.0
478,5,544.0,265.0,0.0
478,4,643.0,366.0,0.5000000000000002
478,2,500.9889623688009,283.0110376311991,0.09
478,3,544.0,273.0,0.0
478,1,105.0,240.0,0.0
479,5,545.0,265.0,0.0
479,4,644.0,365.0,0.5000000000000002
479,2,501.0,283.0,0.09
479,3,544.0,272.0,0.0
479,1,104.04540584539816,239.04540584539816,0.0
480,5,545.9545941546019,264.04540584539814,0.0
480,4,645.0,366.0,0.5000000000000002
480,2,501.9889623688009,282.0110376311991,0.09
480,3,543.0454058453981,271.04540584539814,0.0
480,1,104.0,239.0,0.0
481,5,546.0,264.0,0.0
481,4,646.0,365.0,0.5000000000000002
481,2,502.0,282.0,0.09
481,3,543.0,271.0,0.0
481,1,104.0,238.0,0.0
482,5,546.0,264.0,0.01
482,4,646.0,365.0,0.5100000000000002
482,2,502.0,282.0,0.09999999999999999
482,3,543.0,271.0,0.01
482,1,104.0,238.0,0.01
483,5,547.0,264.0,0.02
483,4,647.0,365.0,0.5200000000000002
483,2,502.99676624206495,282.99676624206495,0.10999999999999999
483,3,543.9621268292881,270.0378731707119,0.02
483,1,103.0378731707119,237.0378731707119,0.02
484,5,547.9659154274464,263.03408457255364,0.03
484,4,648.0,365.0,0.5300000000000002
484,2,503.0,283.0,0.11999999999999998
484,3,544.0,270.0,0.03
484,1,103.0,237.0,0.03
485,5,548.0,263.0,0.04
485,4,649.0,364.0,0.5400000000000003
485,2,504.0,282.0,0.12999999999999998
485,3,544.969718944091,269.030281055909,0.04
485,1,102.03028105590897,236.03028105590897,0.04
486,5,548.9735374379671,262.0264625620329,0.05
486,4,650.0,363.0,0.5500000000000003
486,2,505.0,281.0,0.13999999999999999
486,3,545.0,269.0,0.05
486,1,102.0,236.0,0.05
487,5,549.0,262.0,0.060000000000000005
487,4,651.0,362.0,0.5600000000000003
487,2,506.0,282.0,0.15
487,3,545.9773709680509,268.0226290319491,0.060000000000000005
487,1,102.0,235.0,0.060000000000000005
488,5,549.9812195935509,261.018780406449,0.07
488,4,652.0,363.0,0.5700000000000003
488,2,507.0,281.0,0.16
488,3,546.0,268.0,0.07
488,1,101.01878040644904,234.01878040644905,0.07
489,5,550.0,261.0,0.08
489,4,653.0,363.0,0.5800000000000003
489,2,508.0,281.0,0.17
489,3,546.985083373909,267.01491662609095,0.08
489,1,101.0,234.0,0.08
490,5,550.9889623688009,261.9889623688009,0.09
490,4,654.0,362.0,0.5900000000000003
490,2,509.0,280.0,0.18000000000000002
490,3,547.0,267.0,0.09
490,1,100.01103763119909,233.0110376311991,0.09
491,5,551.0,262.0,0.09999999999999999
491,4,655.0,361.0,0.6000000000000003
491,2,510.0,279.0,0.19000000000000003
491,3,547.9928566381374,266.0071433618627,0.09999999999999999
491,1,100.0,233.0,0.09999999999999999
492,5,551.996766242065,261.00323375793505,0.10999999999999999
492,4,656.0,360.0,0.6100000000000003
492,2,511.0,279.0,0.20000000000000004
492,3,548.0,266.0,0.10999999999999999
492,1,99.00323375793502,232.00323375793502,0.10999999999999999
493,5,552.0,261.0,0.11999999999999998
493,4,657.0,359.0,0.6200000000000003
493,2,512.0,278.0,0.21000000000000005
493,3,549.0,265.0,0.11999999999999998
493,1,99.0,232.0,0.11999999999999998
494,5,553.0,260.0,0.12999999999999998
494,4,658.0,360.0,0.6300000000000003
494,2,513.0,277.0,0.22000000000000006
494,3,550.0,264.0,0.12999999999999998
494,1,98.0,231.0,0.12999999999999998
495,5,554.0,259.0,0.13999999999999999
495,4,659.0,359.0,0.6400000000000003
495,2,514.0,278.0,0.23000000000000007
495,3,551.0,263.0,0.13999999999999999
495,1,97.0,230.0,0.13999999999999999
496,5,555.0,259.0,0.15
496,4,660.0,359.0,0.6500000000000004
496,2,515.0,277.0,0.24000000000000007
496,3,552.0,263.0,0.15
496,1,96.0,229.0,0.15
497,5,556.0,260.0,0.16
497,4,661.0,358.0,0.6600000000000004
497,2,516.0,277.0,0.25000000000000006
497,3,553.0,262.0,0.16
497,1,95.0,228.0,0.16
498,5,557.0,260.0,0.17
498,4,662.0,358.0,0.6700000000000004
498,2,517.0,276.0,0.26000000000000006
498,3,554.0,261.0,0.17
498,1,94.0,227.0,0.16
499,5,558.0,259.0,0.18000000000000002
499,4,663.0,357.0,0.6800000000000004
499,2,518.0,277.0,0.2700000000000001
499,3,555.0,260.0,0.18000000000000002
499,1,95.0,226.0,0.16
500,5,559.0,258.0,0.19000000000000003
500,4,664.0,356.0,0.6900000000000004
500,2,519.0,277.0,0.2800000000000001
500,3,556.0,260.0,0.19000000000000003
500,1,96.0,225.0,0.16
501,5,560.0,257.0,0.20000000000000004
501,4,665.0,357.0,0.7000000000000004
501,2,520.0,276.0,0.2900000000000001
501,3,557.0,260.0,0.20000000000000004
501,1,97.0,224.0,0.16
502,5,561.0,257.0,0.21000000000000005
502,4,666.0,356.0,0.7100000000000004
502,2,521.0,275.0,0.3000000000000001
502,3,558.0,259.0,0.21000000000000005
502,1,97.0,223.0,0.16
503,5,562.0,256.0,0.22000000000000006
503,4,667.0,355.0,0.7200000000000004
503,2,522.0,275.0,0.3100000000000001
503,3,559.0,258.0,0.22000000000000006
503,1,98.0,222.0,0.16
504,5,563.0,256.0,0.23000000000000007
504,4,668.0,356.0,0.7300000000000004
504,2,523.0,274.0,0.3200000000000001
504,3,560.0,257.0,0.23000000000000007
504,1,97.0,221.0,0.16
505,5,564.0,255.0,0.24000000000000007
505,4,669.0,355.0,0.7400000000000004
505,2,524.0,274.0,0.3300000000000001
505,3,561.0,257.0,0.24000000000000007
505,1,98.0,220.0,0.16
506,5,565.0,254.0,0.25000000000000006
506,4,670.0,354.0,0.7500000000000004
506,2,525.0,273.0,0.34000000000000014
506,3,562.0,256.0,0.25000000000000006
506,1,97.0,219.0,0.16
507,5,566.0,253.0,0.26000000000000006
507,4,671.0,353.0,0.7600000000000005
507,2,526.0,272.0,0.35000000000000014
507,3,563.0,256.0,0.26000000000000006
507,1,96.0,218.0,0.16
508,5,567.0,253.0,0.2700000000000001
508,4,672.0,353.0,0.7700000000000005
508,2,527.0,272.0,0.36000000000000015
508,3,564.0,255.0,0.2700000000000001
508,1,96.0,217.0,0.16
509,5,568.0,252.0,0.2800000000000001
509,4,673.0,354.0,0.7800000000000005
509,2,528.0,273.0,0.37000000000000016
509,3,565.0,254.0,0.2800000000000001
509,1,96.0,216.0,0.16
510,5,569.0,252.0,0.2900000000000001
510,4,674.0,354.0,0.7900000000000005
510,2,529.0,272.0,0.38000000000000017
510,3,566.0,253.0,0.2900000000000001
510,1,95.0,215.0,0.16
511,5,570.0,251.0,0.3000000000000001
511,4,675.0,354.0,0.8000000000000005
511,2,530.0,272.0,0.3900000000000002
511,3,567.0,253.0,0.3000000000000001
511,1,94.0,214.0,0.16
512,5,571.0,251.0,0.3100000000000001
512,4,676.0,354.0,0.8100000000000005
512,2,531.0,272.0,0.4000000000000002
512,3,568.0,252.0,0.3100000000000001
512,1,95.0,213.0,0.16
513,5,572.0,252.0,0.3200000000000001
513,4,677.0,353.0,0.8200000000000005
513,2,532.0,272.0,0.4100000000000002
513,3,569.0,252.0,0.3200000000000001
513,1,94.0,212.0,0.16
514,5,573.0,252.0,0.3300000000000001
514,4,678.0,353.0,0.8300000000000005
514,2,533.0,272.0,0.4200000000000002
514,3,570.0,251.0,0.3300000000000001
514,1,93.0,211.0,0.16
515,5,574.0,251.0,0.34000000000000014
515,4,679.0,352.0,0.8400000000000005
515,2,534.0,272.0,0.4300000000000002
515,3,571.0,251.0,0.34000000000000014
515,1,94.0,210.0,0.16
516,5,575.0,250.0,0.35000000000000014
516,4,680.0,352.0,0.8500000000000005
516,2,535.0,272.0,0.4400000000000002
516,3,572.0,252.0,0.35000000000000014
516,1,93.0,209.0,0.16
517,5,576.0,249.0,0.36000000000000015
517,4,681.0,351.0,0.8600000000000005
517,2,536.0,272.0,0.45000000000000023
517,3,573.0,252.0,0.36000000000000015
517,1,92.0,208.0,0.16
518,5,577.0,249.0,0.37000000000000016
518,4,682.0,351.0,0.8700000000000006
518,2,537.0,272.0,0.46000000000000024
518,3,574.0,251.0,0.37000000000000016
518,1,93.0,207.0,0.16
519,5,578.0,248.0,0.38000000000000017
519,4,683.0,350.0,0.8800000000000006
519,2,538.0,273.0,0.47000000000000025
519,3,575.0,250.0,0.38000000000000017
519,1,94.0,206.0,0.16
520,5,579.0,248.0,0.3900000000000002
520,4,684.0,349.0,0.8900000000000006
520,2,539.0,272.0,0.48000000000000026
520,3,576.0,249.0,0.3900000000000002
520,1,95.0,205.0,0.16
521,5,580.0,247.0,0.4000000000000002
521,4,685.0,348.0,0.9000000000000006
521,2,540.0,271.0,0.49000000000000027
521,3,577.0,249.0,0.4000000000000002
521,1,96.0,204.0,0.16
522,5,581.0,246.0,0.4100000000000002
522,4,686.0,347.0,0.9100000000000006
522,2,541.0,270.0,0.5000000000000002
522,3,578.0,248.0,0.4100000000000002
522,1,97.0,203.0,0.16
523,5,582.0,245.0,0.4200000000000002
523,4,687.0,347.0,0.9200000000000006
523,2,542.0,269.0,0.5100000000000002
523,3,579.0,248.0,0.4200000000000002
523,1,98.0,202.0,0.16
524,5,583.0,245.0,0.4300000000000002
524,4,688.0,346.0,0.9300000000000006
524,2,543.0,268.0,0.5200000000000002
524,3,580.0,247.0,0.4300000000000002
524,1,99.0,201.0,0.16
525,5,584.0,244.0,0.4400000000000002
525,4,689.0,345.0,0.9400000000000006
525,2,544.0,267.0,0.5300000000000002
525,3,581.0,246.0,0.4400000000000002
525,1,100.0,200.0,0.16
526,5,585.0,244.0,0.45000000000000023
526,4,690.0,345.0,0.9500000000000006
526,2,545.0,266.0,0.5400000000000003
526,3,582.0,245.0,0.45000000000000023
526,1,100.0,200.0,0.16
527,5,586.0,243.0,0.46000000000000024
527,4,691.0,344.0,0.9600000000000006
527,2,546.0,266.0,0.5500000000000003
527,3,583.0,245.0,0.46000000000000024
527,1,100.0,200.0,0.16
528,5,587.0,243.0,0.47000000000000025
528,4,692.0,344.0,0.9700000000000006
528,2,547.0,265.0,0.5600000000000003
528,3,584.0,244.0,0.47000000000000025
528,1,100.0,200.0,0.16
529,5,588.0,244.0,0.48000000000000026
529,4,693.0,344.0,0.9800000000000006
529,2,548.0,265.0,0.5700000000000003
529,3,585.0,244.0,0.48000000000000026
529,1,100.0,200.0,0.16
530,5,589.0,244.0,0.49000000000000027
530,4,694.0,343.0,0.9900000000000007
530,2,549.0,264.0,0.5800000000000003
530,3,586.0,243.0,0.49000000000000027
530,1,100.0,200.0,0.16
531,5,590.0,243.0,0.5000000000000002
531,4,695.0,343.0,1.0000000000000007
531,2,550.0,264.0,0.5900000000000003
531,3,587.0,243.0,0.5000000000000002
531,1,100.0,200.0,0.16
532,5,591.0,242.0,0.5100000000000002
532,4,696.0,342.0,1.0100000000000007
532,2,551.0,263.0,0.6000000000000003
532,3,588.0,244.0,0.5100000000000002
532,1,100.0,200.0,0.16
533,5,592.0,241.0,0.5200000000000002
533,4,697.0,342.0,1.0200000000000007
533,2,552.0,263.0,0.6100000000000003
533,3,589.0,244.0,0.5200000000000002
533,1,100.0,200.0,0.16
534,5,593.0,241.0,0.5300000000000002
534,4,698.0,342.0,1.0300000000000007
534,2,553.0,262.0,0.6200000000000003
534,3,590.0,243.0,0.5300000000000002
534,1,100.0,200.0,0.16
535,5,594.0,240.0,0.5400000000000003
535,4,699.0,343.0,1.0400000000000007
535,2,554.0,261.0,0.6300000000000003
535,3,591.0,242.0,0.5400000000000003
535,1,100.0,200.0,0.16
536,5,595.0,240.0,0.5500000000000003
536,4,700.0,342.0,1.0500000000000007
536,2,555.0,260.0,0.6400000000000003
536,3,592.0,241.0,0.5500000000000003
536,1,100.0,200.0,0.16
537,5,596.0,239.0,0.5600000000000003
537,4,701.0,342.0,1.0600000000000007
537,2,556.0,260.0,0.6500000000000004
537,3,593.0,241.0,0.5600000000000003
537,1,100.0,200.0,0.16
538,5,597.0,238.0,0.5700000000000003
538,4,702.0,341.0,1.0700000000000007
538,2,557.0,260.0,0.6600000000000004
538,3,594.0,240.0,0.5700000000000003
538,1,100.0,200.0,0.16
539,5,598.0,237.0,0.5800000000000003
539,4,703.0,340.0,1.0800000000000007
539,2,558.0,259.0,0.6700000000000004
539,3,595.0,240.0,0.5800000000000003
539,1,100.0,200.0,0.16
540,5,599.0,237.0,0.5900000000000003
540,4,704.0,339.0,1.0900000000000007
540,2,559.0,258.0,0.6800000000000004
540,3,596.0,239.0,0.5900000000000003
540,1,100.0,200.0,0.16
541,5,600.0,236.0,0.6000000000000003
541,4,705.0,338.0,1.1000000000000008
541,2,560.0,257.0,0.6900000000000004
541,3,597.0,238.0,0.6000000000000003
541,1,100.0,200.0,0.16
542,5,600.0,236.0,0.6100000000000003
542,4,705.0,338.0,1.1100000000000008
542,2,560.0,257.0,0.7050000000000004
542,3,597.0,238.0,0.6100000000000003
542,1,100.0,200.0,0.17
543,5,601.0,236.0,0.6200000000000003
543,4,706.0,339.0,1.1200000000000008
543,2,561.0,257.0,0.7200000000000004
543,3,598.0,237.0,0.6200000000000003
543,1,100.0,200.0,0.18000000000000002
544,5,602.0,235.0,0.6300000000000003
544,4,707.0,340.0,1.1300000000000008
544,2,562.0,256.0,0.7350000000000004
544,3,599.0,237.0,0.6300000000000003
544,1,100.0,200.0,0.19000000000000003
545,5,603.0,235.0,0.6400000000000003
545,4,708.0,341.0,1.1400000000000008
545,2,563.0,256.0,0.7500000000000004
545,3,600.0,236.0,0.6400000000000003
545,1,100.0,200.0,0.20000000000000004
546,5,604.0,236.0,0.6500000000000004
546,4,709.0,342.0,1.1500000000000008
546,2,564.0,255.0,0.7650000000000005
546,3,601.0,236.0,0.6500000000000004
546,1,100.0,200.0,0.21000000000000005
547,5,605.0,236.0,0.6600000000000004
547,4,710.0,343.0,1.1600000000000008
547,2,565.0,254.0,0.7800000000000005
547,3,602.0,235.0,0.6600000000000004
547,1,100.0,200.0,0.22000000000000006
548,5,606.0,235.0,0.6700000000000004
548,4,711.0,344.0,1.1700000000000008
548,2,566.0,253.0,0.7950000000000005
548,3,603.0,235.0,0.6700000000000004
548,1,100.0,200.0,0.23000000000000007
549,5,607.0,234.0,0.6800000000000004
549,4,712.0,345.0,1.1800000000000008
549,2,567.0,253.0,0.8100000000000005
549,3,604.0,236.0,0.6800000000000004
549,1,100.0,200.0,0.24000000000000007
550,5,608.0,233.0,0.6900000000000004
550,4,713.0,346.0,1.1900000000000008
550,2,568.0,252.0,0.8250000000000005
550,3,605.0,236.0,0.6900000000000004
550,1,100.0,200.0,0.25000000000000006
551,5,609.0,233.0,0.7000000000000004
551,4,714.0,347.0,1.2000000000000008
551,2,569.0,252.0,0.8400000000000005
551,3,606.0,235.0,0.7000000000000004
551,1,100.0,200.0,0.26000000000000006
552,5,610.0,232.0,0.7100000000000004
552,4,715.0,348.0,1.2100000000000009
552,2,570.0,251.0,0.8550000000000004
552,3,607.0,234.0,0.7100000000000004
552,1,100.0,200.0,0.2700000000000001
553,5,611.0,232.0,0.7200000000000004
553,4,716.0,349.0,1.2200000000000009
553,2,571.0,251.0,0.8700000000000004
553,3,608.0,233.0,0.7200000000000004
553,1,100.0,200.0,0.2800000000000001
554,5,612.0,231.0,0.7300000000000004
554,4,717.0,350.0,1.2300000000000009
554,2,572.0,252.0,0.8850000000000005
554,3,609.0,233.0,0.7300000000000004
554,1,100.0,200.0,0.2900000000000001
555,5,613.0,230.0,0.7400000000000004
555,4,718.0,351.0,1.2400000000000009
555,2,573.0,252.0,0.9000000000000005
555,3,610.0,232.0,0.7400000000000004
555,1,100.0,200.0,0.3000000000000001
556,5,614.0,229.0,0.7500000000000004
556,4,719.0,352.0,1.2500000000000009
556,2,574.0,251.0,0.9150000000000005
556,3,611.0,232.0,0.7500000000000004
556,1,100.0,200.0,0.3100000000000001
557,5,615.0,229.0,0.7600000000000005
557,4,720.0,353.0,1.260000000000001
557,2,575.0,250.0,0.9300000000000005
557,3,612.0,231.0,0.7600000000000005
557,1,100.0,200.0,0.3200000000000001
558,5,616.0,228.0,0.7700000000000005
558,4,721.0,354.0,1.270000000000001
558,2,576.0,249.0,0.9450000000000005
558,3,613.0,230.0,0.7700000000000005
558,1,100.0,200.0,0.3300000000000001
559,5,617.0,228.0,0.7800000000000005
559,4,722.0,355.0,1.280000000000001
559,2,577.0,249.0,0.9600000000000005
559,3,614.0,229.0,0.7800000000000005
559,1,100.0,200.0,0.34000000000000014
560,5,618.0,227.0,0.7900000000000005
560,4,723.0,356.0,1.290000000000001
560,2,578.0,248.0,0.9750000000000005
560,3,615.0,229.0,0.7900000000000005
560,1,100.0,200.0,0.35000000000000014
561,5,619.0,227.0,0.8000000000000005
561,4,724.0,357.0,1.300000000000001
561,2,579.0,248.0,0.9900000000000005
561,3,616.0,228.0,0.8000000000000005
561,1,100.0,200.0,0.36000000000000015
562,5,620.0,228.0,0.8100000000000005
562,4,725.0,358.0,1.310000000000001
562,2,580.0,247.0,1.0050000000000006
562,3,617.0,228.0,0.8100000000000005
562,1,100.0,200.0,0.37000000000000016
563,5,621.0,228.0,0.8200000000000005
563,4,726.0,359.0,1.320000000000001
563,2,581.0,246.0,1.0200000000000007
563,3,618.0,227.0,0.8200000000000005
563,1,100.0,200.0,0.38000000000000017
564,5,622.0,227.0,0.8300000000000005
564,4,727.0,360.0,1.330000000000001
564,2,582.0,245.0,1.0350000000000006
564,3,619.0,227.0,0.8300000000000005
564,1,100.0,200.0,0.3900000000000002
565,5,623.0,226.0,0.8400000000000005
565,4,728.0,361.0,1.340000000000001
565,2,583.0,245.0,1.0500000000000007
565,3,620.0,228.0,0.8400000000000005
565,1,100.0,200.0,0.4000000000000002
566,5,624.0,225.0,0.8500000000000005
566,4,729.0,362.0,1.350000000000001
566,2,584.0,244.0,1.0650000000000006
566,3,621.0,228.0,0.8500000000000005
566,1,100.0,200.0,0.4100000000000002
567,5,625.0,225.0,0.8600000000000005
567,4,730.0,363.0,1.360000000000001
567,2,585.0,244.0,1.0800000000000007
567,3,622.0,227.0,0.8600000000000005
567,1,100.0,200.0,0.4200000000000002
568,5,626.0,224.0,0.8700000000000006
568,4,731.0,364.0,1.370000000000001
568,2,586.0,243.0,1.0950000000000006
568,3,623.0,226.0,0.8700000000000006
568,1,100.0,200.0,0.4300000000000002
569,5,627.0,224.0,0.8800000000000006
569,4,732.0,365.0,1.380000000000001
569,2,587.0,243.0,1.1100000000000008
569,3,624.0,225.0,0.8800000000000006
569,1,100.0,200.0,0.4400000000000002
570,5,628.0,223.0,0.8900000000000006
570,4,733.0,366.0,1.390000000000001
570,2,588.0,242.0,1.1200000000000008
570,3,625.0,225.0,0.8900000000000006
570,1,100.0,200.0,0.45000000000000023
571,5,629.0,222.0,0.9000000000000006
571,4,734.0,367.0,1.400000000000001
571,2,589.0,242.0,1.1300000000000008
571,3,626.0,224.0,0.9000000000000006
571,1,100.0,200.0,0.46000000000000024
572,5,630.0,221.0,0.9100000000000006
572,4,735.0,368.0,1.410000000000001
572,2,590.0,241.0,1.1400000000000008
572,3,627.0,224.0,0.9100000000000006
572,1,100.0,200.0,0.47000000000000025
573,5,631.0,221.0,0.9200000000000006
573,4,736.0,369.0,1.420000000000001
573,2,591.0,242.0,1.1500000000000008
573,3,628.0,223.0,0.9200000000000006
573,1,100.0,200.0,0.48000000000000026
574,5,632.0,220.0,0.9300000000000006
574,4,737.0,370.0,1.430000000000001
574,2,592.0,241.0,1.1600000000000008
574,3,629.0,222.0,0.9300000000000006
574,1,100.0,200.0,0.49000000000000027
575,5,633.0,220.0,0.9400000000000006
575,4,737.9998032089587,370.99980320895867,1.440000000000001
575,2,593.0,241.0,1.1700000000000008
575,3,630.0,221.0,0.9400000000000006
575,1,100.0,200.0,0.5000000000000002
576,5,634.0,219.0,0.9500000000000006
576,4,738.0,371.0,1.450000000000001
576,2,594.0,240.0,1.1800000000000008
576,3,631.0,221.0,0.9500000000000006
576,1,100.0,200.0,0.5100000000000002
577,5,635.0,219.0,0.9600000000000006
577,4,738.9824422430843,371.9824422430842,1.460000000000001
577,2,595.0,240.0,1.1900000000000008
577,3,632.0,220.0,0.9600000000000006
577,1,100.0,200.0,0.5200000000000002
578,5,636.0,220.0,0.9700000000000006
578,4,739.0,372.0,1.470000000000001
578,2,596.0,239.0,1.2000000000000008
578,3,633.0,220.0,0.9700000000000006
578,1,100.0,200.0,0.5300000000000002
579,5,637.0,220.0,0.9800000000000006
579,4,739.9653174881648,372.9653174881649,1.480000000000001
579,2,597.0,238.0,1.2100000000000009
579,3,634.0,219.0,0.9800000000000006
579,1,100.0,200.0,0.5400000000000003
580,5,638.0,219.0,0.9900000000000007
580,4,740.0,373.0,1.490000000000001
580,2,598.0,237.0,1.2200000000000009
580,3,635.0,219.0,0.9900000000000007
580,1,100.0,200.0,0.5500000000000003
581,5,639.0,218.0,1.0000000000000007
581,4,740.9484226026773,373.94842260267734,1.500000000000001
581,2,599.0,237.0,1.2300000000000009
581,3,636.0,220.0,1.0000000000000007
581,1,100.0,200.0,0.5600000000000003
582,5,640.0,217.0,1.0100000000000007
582,4,741.0,374.0,1.5100000000000011
582,2,600.0,236.0,1.2400000000000009
582,3,637.0,220.0,1.0100000000000007
582,1,100.0,200.0,0.5700000000000003
583,5,641.0,217.0,1.0200000000000007
583,4,741.9317514970944,374.93175149709447,1.5200000000000011
583,2,601.0,236.0,1.2500000000000009
583,3,638.0,219.0,1.0200000000000007
583,1,100.0,200.0,0.5800000000000003
584,5,642.0,216.0,1.0300000000000007
584,4,742.0,375.0,1.5300000000000011
584,2,602.0,235.0,1.260000000000001
584,3,639.0,218.0,1.0300000000000007
584,1,100.0,200.0,0.5900000000000003
585,5,643.0,216.0,1.0400000000000007
585,4,742.915298320708,375.91529832070796,1.5400000000000011
585,2,603.0,235.0,1.270000000000001
585,3,640.0,217.0,1.0400000000000007
585,1,100.0,200.0,0.6000000000000003
586,5,644.0,216.0,1.0500000000000007
586,4,743.0,376.0,1.5500000000000012
586,2,604.0,236.0,1.280000000000001
586,3,641.0,217.0,1.0500000000000007
586,1,100.0,200.0,0.6100000000000003
587,5,645.0,215.0,1.0600000000000007
587,4,743.0,377.0,1.5600000000000012
587,2,605.0,236.0,1.290000000000001
587,3,642.0,216.0,1.0600000000000007
587,1,100.0,200.0,0.6200000000000003
588,5,646.0,215.0,1.0700000000000007
588,4,743.8910149294738,377.89101492947384,1.5700000000000012
588,2,606.0,235.0,1.300000000000001
588,3,643.0,216.0,1.0700000000000007
588,1,100.0,200.0,0.6300000000000003
589,5,647.0,214.0,1.0800000000000007
589,4,744.0,378.0,1.5800000000000012
589,2,607.0,234.0,1.310000000000001
589,3,644.0,216.0,1.0800000000000007
589,1,100.0,200.0,0.6400000000000003
590,5,648.0,213.0,1.0900000000000007
590,4,744.0,379.0,1.5900000000000012
590,2,608.0,233.0,1.320000000000001
590,3,645.0,215.0,1.0900000000000007
590,1,100.0,200.0,0.6500000000000004
591,5,649.0,212.0,1.1000000000000008
591,4,744.8671911884968,379.8671911884968,1.6000000000000012
591,2,609.0,233.0,1.330000000000001
591,3,646.0,215.0,1.1000000000000008
591,1,100.0,200.0,0.6600000000000004
592,5,650.0,212.0,1.1100000000000008
592,4,745.0,380.0,1.6100000000000012
592,2,610.0,232.0,1.340000000000001
592,3,647.0,214.0,1.1100000000000008
592,1,100.0,200.0,0.6700000000000004
593,5,651.0,211.0,1.1200000000000008
593,4,745.8515555828246,380.85155558282463,1.6200000000000012
593,2,611.0,232.0,1.350000000000001
593,3,648.0,213.0,1.1200000000000008
593,1,100.0,200.0,0.6800000000000004
594,5,652.0,211.0,1.1300000000000008
594,4,746.0,381.0,1.6300000000000012
594,2,612.0,231.0,1.360000000000001
594,3,649.0,212.0,1.1300000000000008
594,1,100.0,200.0,0.6900000000000004
595,5,653.0,212.0,1.1400000000000008
595,4,746.8361118299188,381.83611182991876,1.6400000000000012
595,2,613.0,230.0,1.370000000000001
595,3,650.0,212.0,1.1400000000000008
595,1,100.0,200.0,0.7000000000000004
596,5,654.0,212.0,1.1500000000000008
596,4,747.0,382.0,1.6500000000000012
596,2,614.0,229.0,1.380000000000001
596,3,651.0,211.0,1.1500000000000008
596,1,100.0,200.0,0.7100000000000004
597,5,655.0,211.0,1.1600000000000008
597,4,747.82085527863,382.82085527863006,1.6600000000000013
597,2,615.0,229.0,1.390000000000001
597,3,652.0,211.0,1.1600000000000008
597,1,100.0,200.0,0.7200000000000004
598,5,656.0,210.0,1.1700000000000008
598,4,748.0,383.0,1.6700000000000013
598,2,616.0,228.0,1.400000000000001
598,3,653.0,212.0,1.1700000000000008
598,1,100.0,200.0,0.7300000000000004
599,5,657.0,210.0,1.1800000000000008
599,4,748.8057814449246,383.8057814449246,1.6800000000000013
599,2,617.0,228.0,1.410000000000001
599,3,654.0,212.0,1.1800000000000008
599,1,100.0,200.0,0.7400000000000004
600,5,658.0,209.0,1.1900000000000008
600,4,749.0,384.0,1.6900000000000013
600,2,618.0,227.0,1.420000000000001
600,3,655.0,211.0,1.1900000000000008
600,1,100.0,200.0,0.7500000000000004
